id,type,gold_intersection,gold_union,gold_consensus,maria_span,joel_span,split,text
t3_mfhym,post,0,0,0,0,0,train,"I understand why Hollywood keeps rebooting movies. For better or worse, it's been proven that movie franchises can be rebooted and make tons of money. Even a relatively new movie franchise like Spider-man is being rebooted and even the most cynical person will admit that it's going to probably make tons of money whether it's creative and good or not just because that fact has been well proven. What I don't understand, is why *television* keeps putting out reboots of old television shows. Is there some wildly popular TV show reboot I just can't think of? The closest examples that come to mind for me are along the lines of Star Trek: The Next Generation, Battlestar Gallactica, or something which is as much a sequel/spin-off of the original show. I don't expect originality out of big television studios, but I do at least expect them to see where the money is wasted/made, and television reboots seem to fail across the board. So why are these shows still getting big budgets and media attention?

tl;dr, a bit of a rant about the utter failure of television reboots despite popularity of movie reboots."
ccznw3u,comment,0,0,0,0,0,train,"Let this be your first lesson in the highly expensive hobby of HiFi:   cramming more gear in the signal path isn't going to objectively improve the audio quality.  Subjectively?  Maybe, but at that point you're coloring your music to make up for a lack in overall system quality.  This might sound good to you, and if it does and it makes you happy, hey that's totally cool, enjoy your music, but let's not confuse it with quality audio reproduction. 

If you put a headphone amp in your signal path, you could end up clipping your signal, which effectively makes it's it worse than it was.  Reason:  The headphone amp will be supplying gain to the audio signal, if you go over unity gain (1 to 1 ratio of input signal voltage to output signal voltage) and the signal is already pretty hot, you may start to hear audible distortion from the speakers, which may damage the speakers.

If you insist on putting this headphone amp in the signal chain, I would recommend finding it's unity gain position on the volume knob.  How to:

1.  Download a pink noise wav or flac file from the internet.  (
2.  Set the master volume level of your computer, and the volume level of media player to 100%
3.  Plug in a cable to the output of your computer, but do not plug it into your speakers or headphone amp yet.
4.  Play the file from your media player
5.  Using a multimeter, measure the ac voltage from one of  your channels.  For an RCA connector place one probe on the center conductor, and the other probe on the outer ring, being sure to not short the center conductor the the outer ring with one of the probes.  For an 1/8"" (3.5mm) TRS connector (headphone connector) place one probe on the tip, and the other probe on the sleeve (the metal ring closest to the wire), once again being sure to not short any of the three contacts with the probes.  Then write down what your meter is reading.
6.  Now plug the output of your computer into the headphone amp, and plug another cable into the output of your headphone amp.
7.  With the volume all the way down on your headphone amp, and the output of your computer still at 100%, place the probes of your meter on the cable coming out of your headphone amp, as described in step 5.
8.  Slowly turn up the volume of your headphone amp until it is at the same reading on your meter as it was when you were coming directly out of your computer.
9.  Somehow, mark the position of the volume knob on the headphone amp so that you will always know where unity gain is.


Or if I were you, I'd take that $80 for a headphone amp and put that towards a nicer set of powered speakers/monitors.

TL;DR:

If you want warmth, turn down the treble."
t3_18orht,post,1,1,1,1,1,train,"All over the Internet I've seen a ton of hype about this show, it didn't look particularly appealing to me but I said what the hell I'll watch. So I watched a few episodes and yeah...I mean it's okay for a kids show. I didn't see the witty jokes or complex stories people talked about. I mean it wasn't horrible but I dunno. I watched some other kids shows afterwards to compare. I mean most shows were on an equal level but like it didn't really stand out that much to me. So I'd honestly love to know...what's with all the hype around it? 

TL;DR: Watched it didn't see the big deal. What is the big deal? "
cb12m9d,comment,0,0,0,0,0,train,"No.

Let's unpack that.  What we're trying to make work here is nothing unprecedented.  Rural Alabama and Manhattan happily coexist in the same federal framework in the US; the far north of England bumps along happily enough with London in the UK.  And we know what it takes to make this sort of thing work:

Transfer payments amounting to about 6-7% of GDP.  That's around about what a poor state in the US can expect to receive (this number comes, incidentally, from a Krugman column).  The EU is, very roughly, split 50/50 between rich and poor, so that means we need to collect an *additional* 6-7% of GDP from rich countries to send to poor ones.  Easy, yes?

Easy, no.  Government expenditures in the EU are already high; much higher than the US, and bumping up against currently accepted theoretical maximums for mixed economies.  And even if economically possible, they certainly aren't *politically* possible.

For comparison purposes, the EU budget is about 1% of European GDP.  We're basically saying that the the solution to the European crisis is simple; just increase the EU budget by a factor of 6-8 (well, given inefficiencies, it might need to be more like a full order of magnitude), and all will be well!  That's a finite chunk of money, but one which is still rediculously far out of reach.

Oh, and you're asking about non-perpetual transfers.  Again, a non-starter.  The US has been making these transfer payments for a long time, but the gap between rich productive regions and poor unproductive regions has not closed.  The identity of those regions has changed (Detroit was a powerhouse once; now a basket case) but the gap is still large.  And as long as the gap is there, you need the payments to stop the system tearing itself apart.

TL;DR:  The solution is to make the EU budget ten times larger by taxing rich countries an additional 7% of GDP, and spending it all on transfer payments to poor countries, and keep doing this forever.  Good luck."
cf9c3zl,comment,0,1,1,0,1,train,"Was writing some pretty long counter-argument, but I decided I actually like it. However, I think it should be fairly cheap to make, 5 LQ metal as you've mentioned seems pretty expensive. Imagine surviving solo for 1 hour: you have probably managed to get material for basic gun, some ammo and plenty of food. In current Rust geared players can't tell you if you're a fresh starter or someone playing for some time, maybe even a bandit, e.g. ( 

Now, some people would KOS you in either instance, some wouldn't because they'd think you're just a fresh starter who has nothing on him. Having some sexy mustache would give out information that you are in fact not a fresh player, but someone with a lot of valuable goods on him. Doubt anyone would let you live in this case. To try to survive with either begging or just acting new when geared players approach you (which is tactic used a lot of times, trust me, can't count how many times Rodrigo_PT literally cried over mic that he has nothing and he's new) you'd need to build razor blade fast and (depending on items it requires) sacrifice some other basic stuff. In your case, 5 low quality metal means ~1 revolver or (almost) halfway to 9mm pistol and shotgun. 

tl;dr: if implemented, materials should be fairly cheap to not force new players to rush building razor blade. "
clvvas8,comment,0,0,0,0,0,train,"Yea car companies wouldn't push their engineers to make more fuel efficient cars then their competitors. Infact there is only one car company, and they don't have teams working to produce better cars.

Multinational car corporations simply aren't that competitive really. They just chill and wait for F1 to produce something for them to retrofit to regular cars.

You should keep getting your facts from the racing industries self promotion. Industries always give you proper facts about themselves, just look at the tobacco and alcohol industries. They never make up bullshit to protect themselves when the world accuses them of being harmful, not at all.

tl;dr This is the most sarcastic post on reddit +/u/dogetipbot 1000"
cqbkyne,comment,1,1,1,1,1,train,"DRRR, gets a while to get used to. To be honest, the first time I started watching it I flat out dropped it after 5 episodes. I picked it up 3 months later and finished the entire show and enjoyed it quite a bit. I personally found that it started really slow (the entire first half (12 episodes) of the show is introducing us to the characters and developing interpersonal relationships between characters), which got really draggy and pretty boring at times. However the 2nd half of the show really picks it up in terms of pacing / action and makes the show worthwhile and enjoyable for me. Also enjoying DRRR, played into enjoying the second season of DRRR.

TLDR; Hang in there it will (hopefully) pay off at the end for you.

Also you should also consider, just skipping the first half of the show and skimming through online synopsis up until where the plot actually starts moving. Definitely not a bad option."
c2tjpct,comment,0,0,0,0,0,train,"&gt; flat out lying

Nice.

&gt; If I argue against saving someone who is drowning, it isn't the same as arguing for the drowning of all people who fit the drowning person's description.

Look, it's quite simple. Your original comment was ""If you don't want to get persecuted for your beliefs, change your beliefs"". If you can't see how that inherently validates the idea that ""if you want to change someone's beliefs, persecute them"", then I can't really help you. You might regret that implication, but don't pretend its not there. If you want to clarify what you meant, then fine - but don't call me for a liar for understanding the meaning of the words you wrote.

&gt; We have only limited resources, and we should expend them protecting the people who aren't choosing to be persecuted.

I understand the limited resources argument, my issue is with your idea that people of a particular faith are 'choosing to be persecuted'.

First of all, it conveniently ignores the fact that religious persecution is often as much to do with ethnicity as it is to do with the philosophical/metaphysical ideas one holds. So your whole 'choose not to be persecuted' line rather goes up in smoke when confronted with that reality.

Secondly, I make the point again that you are completely wrong-headed in trying to assess which type of persecution is worse than another by looking at the quality of ideas the persecuted people hold. Surely we should be thinking about it in terms of the extent of the persecution - how widespread, how many people affected, how serious in terms of loss of life and limb.

It shouldn't matter how utterly laughable or ridiculous or harmful we might consider someone's religious beliefs, if they are being subjected to serious life-threatening persecution by or with the consent of their govenrment, we shouldn't be shrugging our shoulders and saying ""well, they brought it on themselves"". We should be condemning it as barbaric.

Personally I can't stand scientologists. I believe they are dangerous and their thinking and practice should be ridiculed and challenged at every turn. But I don't think that justifies their *persecution* and I don't think we could or should turn a blind eye if they were subject to assault, threats, intimidation or worse. Saying ""oh, they could stop being persecuted at any time if they'd only just stop believing in that ridiculous Xenu"" strikes me as a strangely unsympathetic way for a person to look at the suffering of other human beings.

EDIT: **tl;dr** Stop blaming the victims.
"
t3_2me25p,post,0,1,0,0,1,train,"Hey /r/buildapc, I plan on making a pc which will serve as my main pc. I'm not looking for a machine that will run all games on ultra with 60fps, just one that will run the game with a good enough experience(for me it's 40+fps in medium settings). So I've been doing a lot of research and have been changing the build a lot. However, I've ran into a problem.

I don't know if I should choose the i3-4330 or the Pentium G3258. Of course the i3 is better, but do you think it will make that much of a difference comparing it to a pentium g3258. I plan on running one monitor in 1920x1080 and the other at 1440x900. I also have a gtx 760 which I've read/seen that runs double monitoring fairly well. I also do not plan on playing any game on both monitors, I would only have it on one and use reddit or something on the other.

If you have any questions since I know I didn't explain to well, feel free to ask.

**TL;DR:** Would a Pentium G3258 make any difference in dual monitoring compared to i3-4330?
"
t3_2kezoz,post,0,1,1,0,1,train,"I am a long time lurker. I am pretty incompetent when it comes to doing my make-up (foundation, mascara, chap stick...) but I love seeing what you all do. Here's the thing, I'm dressing up as [Alex]( from the Clockwork Orange for Halloween and I CANNOT get the eyelashes to stay on. I'd post a picture of what I did but my computer's being an assh*le. I basically just did orange eyeshadow with bold liner, and false eyelashes on the top and bottom of the eye. The top one I think will stay on, but the bottom seems hopeless. I've heard cutting them into 1/2 inch pieces helps?? I have no idea what I'm doing

TL;DR How to get my eyelashes to stay on, especially the bottom..."
c0th81a,comment,0,0,0,0,0,train,"As a game programmer, I disagree wholeheartedly with this statement. Were it not for the 'extra hour' of optimising I and my fellows actually -do- put in to making our products faster and better, a great many of the entertainment products that keep a great many people happy would not even be remotely playable.

When the computer has to put multiple millions of polygons on a screen, light and shadow them then add a plethora of interesting special effects; Oh and then contemplate how the AI is going to act, ponder the paths of any number of critters or set of pre-defined interesting game-play events, AND; do all of this 60 times EVERY SECOND. Optimising is important.

And games are not the only place where microseconds count... I have serious doubts google would consider a few seconds 'fast enough' let alone a few -hours- on anything but their most intense processes (like sorting their entire search databases perhaps) and those would be so heavily optimised it's not funny. Any tiny shaved off saving there turns their multi-day process into ""merely hours"".

Anyway, that's my 2 cents.
tl;dr: Optimisation matters, just not for trivially insignificant tasks you'll never do more than once."
t3_1ipa46,post,1,1,1,1,1,train,"If you haven't done so already, of course.

My girl had tickets to 112 and Blackstreet last night and they put on a great show. It was incredibly turnt up, much more than I'd expect for a relatively slow tempo genre.

112 went first and held their own, basically going through their timeline and doing a few classics that had influenced their music. Dudes also performed some Biggie classics, but of course, they were there for the ladies and had them eating out the palm of their hand with the sexier tunes. Of course I was wiling out when they did their Bad Boy era stuff which brought the house down. It was dope.

But Blackstreet took it to another level when they came on. Those dudes  (original members, anyway) are not young (neither are 112), but they were full of energy throughout. They brought back former member Dave Hollister as well. Clearly they were the main act. Better lighting effects, more choreography and a bigger band. Their interaction with the girls in the crowd was candid and endless. Many of them left with a story to tell afterwards, I guarantee you.

Highlight for me was when Teddy Riley did his fucking thing while the rest of Blackstreet went backstage. If you don't know, dude practically ran R&amp;B in the late-80s to mid-90s. Saying he's the father of New Jack Swing is not an exaggeration. Dude went through his New Jack production discography; I almost lost it.

I'm a bit older than the average HHHer, so the crowd had a good portion of over 30s as well, but there was plenty of young'ins. Everyone was looking good. Girls came dressed to kill so if you had hit up the after party, I'm sure it was killer. We were too exhausted after a long week to go. All in all, it was crazy fun, and I cosign it. And you know my cosign is bigger than Obama's.

Bonus for going to such a concert, for the single guys: girls that are into R&amp;B/Soul are guaranteed to have great taste in music and are likely to be some of the coolest you'll ever meet.

**TLDR: read the whole thing.**"
t3_4ocv7u,post,0,1,1,0,1,train,"Im looking to go from 60kg 180cm to 67-70kg over 3 months or 0.5kg a week.

The daily calorie intake calculator says i should bee aiming for about 2750 calories per day. 

It also breaks it down into three catergories carbs (gm) protein (gm) and fats (gm), which it says is 334 146 91 respectively.

Am i right in assuming that (gm) is grams because ive only ever seen it (g). And if so is this about accurate?

If it is it makes it easier for me because all the foods here say on the label how many grams of these 3 macros are in the food.

I understand this might be a bit basic but ive searched around the internet and here but havent found an answer though ive probs missed it.

Website:

Tl;dr: does (gm) equal grams, and can 2750 calories be broken into 334g carbs 146g protein and 91g fats?"
ci33pba,comment,0,0,0,0,0,train,"[Answers]( to your question can be found in the FAQ.

Well since everyone is complaining so much about how ""unhelpful"" the FAQ is here are a few answers from the FAQ.

&gt;There are many, many evolving regional British and American accents, so the terms “British accent” and “American accent” are gross oversimplifications. What a lot of Americans think of as the typical ""British accent” is what's called standardized Received Pronunciation (RP), also known as Public School English or BBC English. What most people think of as an ""American accent,"" or most Americans think of as ""no accent,"" is the General American (GenAm) accent, sometimes called a ""newscaster accent"" or ""Network English.""  [Source](

So from the FAQ we can establish what we mean when we ""American"" or ""British"" English. Lets see what else we can learn.

&gt;In 1813, Thomas Jefferson wrote in a letter: ""The new circumstances under which we are placed call for new words, new phrases, and for the transfer of old words to new objects. An American dialect will therefore be formed"". As the settlers (including a good proportion of Irish and Scots, with their own distinctive accents and usages of English) pushed westward, new terms were indeed introduced, and these pioneers were much less reticent to adopt native words or, indeed, to make up their own. The journals of Lewis and Clark, written as they explored routes to the west coast in 1804-6, contain over 500 native words (mainly animals, plants and food). The wild “outlands” west of the Mississippi River gave us the word outlandish to describe its idiosyncratic characters.

[Source](

So it appears that distinct american words and phrases were already coming into use as early as 1806.

&gt;[Early Americans] saw western expansion as an excuse to expand the language with new words and quirky Americanisms like skedaddle, bamboozle, shebang, riff-raff, hunky-dory, lickety-split, rambunctious, ripsnorter, humdinger, doozy, shenanigan, discombobulate, splendiferous, etc, not to mention evocative phrases like fly off the handle, a chip on the shoulder, no axe to grind, sitting on the fence, dodge the issue, knuckle down, make the fur fly, go the whole hog, kick the bucket, face the music, bite the dust, barking up the wrong tree, pass the buck, stack the deck, poker face, in cahoots, pull up stakes, horse sense, two cents’ worth, stake a claim, strike it rich, the real McCoy and even the phrase stiff upper lip...

So clearly a large, new, American vocabulary was being developed within the first 20 years of the Nations existence and by the time Mark Twain began publishing it seems reasonable to conclude that American English had completely diverged from British English. So much so in fact that an Englishman and linguist named Henry Sweet (1845-1912) was convinced that ""England, America and Australia will be speaking mutually unintelligible languages, owing to their independent changes of pronunciation”. 

**TL;DR** American and English Accents diverged no later than 1806 when new words were entering into the american lexicon. At this time Anglo settlers had already had 150- 200 years to develop their own accents independent of the ""English"" Accent.

This is all from the FAQ as it is, you just need to apply a minimum of effort. This sub is a community and discussion, not a place for everyone to go to get quick and easy answers with no effort. Of course we encourage everyone to participate in this discussion and community but our standards come first, your need for convenience second.

For those complaining about the quality of the sub because of how many threads get ""Nuked"" that is what makes this sub unique, Bullshit isn't tolerated, everyone knows this (or learns it very quickly). If you are disappointed in the answers provided at times consider the difficulty of the question, this particular question is very difficult to answer with any certainty because people usually aren't very conscious of this sort of thing, especially before the advent of audio recording. Perhaps do some research of your own and make a meaningful contribution if there is an unanswered question you find interesting. There was a time when the *Glorious and Beneficent WhoH8in* was non-flaired you know."
chtfj2i,comment,0,0,0,0,0,train,"The constitution was written intentionally vague because the powers of government can be unlimited if the powers are poorly defined, as lawyers, they would have known this.

The clauses protecting your rights should be vague and the clauses defining the powers of government should have been extremely specific.

For instance, ""provide for the general welfare"" is too vague to be in a constitution. Its definition as a power is literally up to the reader. (It is part of the preamble, but even the preamble should be incredibly careful about what it says...)

Basically, the judges of a court decide what the constitution means and to actually know what rights the constitution currently still protects, you would have to study 200+ years of case law. 

TL;DR the constitution is a worthless piece of paper. Anyone who wanted to limit government via the constitution was wasting their time and the victors were those who wanted no real limits on the power of government. "
t3_35x525,post,1,1,1,1,1,train,"Differential Equations. I've taken it once and failed. Now I've taken it twice and *might* have failed yet again.

The grades haven't been posted and it makes me so nervous. My goal was to get at least a 70, but I feel like it's going to be something infuriating like a 69.86.

I'm not worried about my overall GPA just yet. It's just this one class. Well, I actually failed another class for the second time this semester, but I'm not worried about that one right now.

I will take DE again at the school I'm transferring to.

It's just that I am so worried right now and don't know how to cope with feeling like a failure.

Does anyone have any advice or words of motivation to give me? Has anyone failed a class twice? I would greatly appreciate it.

(I'm switching from computer science to mechanical engineering. The other class I failed again (67) was Java Programming II. Programming was not clicking for me and it's probably adding to the dwindling of my sense of self worth.)

**tl;dr** I am not feeling good about having to take Differential Equations for the third time. It does not help that I failed another class twice, too. My confidence is dying. Help.

**UPDATE:** Grades were just posted and I passed DE. I think I've learned my lesson. I do not want to go through all of this worrying again. This fall, I will study harder. Everything is not as bad as it seems. Thank you for all of your thoughts. "
cbku6xs,comment,0,1,1,1,0,train,"You missed:

1. Money is not the only factor being optimized for - time is as well.

2. For a winner there is just the one auction you envision here, but for the losers there is the next, and the next, until they finally succeed in buying the thing they came to the site for.

Suppose I want to score a $600 smartphone for a maximum of $200.  Often others are going to see a current price of $10, and bid a maximum of something like $50 - because if it's only $10, they figure $50 should have it in the bag (and remember, they didn't take your advice). My snipe of $200 max bid at the last second wins.

Now suppose I take your advice, and no one else does (with just 57 upvotes and millions of ebay users, this is statistically probable). Four days prior to the auction close I put in max price $200. Gradually people enter lower amounts as their max, and as they do my bid immediately outbids them, until finally someone says you know - I was willing to pay $200 for it, but I'd do it for $205 **if it gets this over with**. I gave them time to reconsider the balance of the 2 factors they were considering.

Now I've lost, and will keep on losing, for being naive enough to bid early and give others a chance to reassess time cost vs monetary cost. (I have the personal experience to show for it.)

But wait you might say - bidding early just the once is much cheaper in terms of time than bidding multiple times in one auction. But that's the other problem with your hypothetical: It assumes just 1 auction. I show up, I bid or don't, and win or lose I never come back. I agree the winner often doesn't come back (unless they're a reseller or something along those lines). But the losers sat down at this computer and haven't accomplished their basic goal of buying a phone today (or whatever).

If I bid early, not only do I keep getting outbid, I just keep screwing around on ebay for the rest of my life, in the vain hope I'm the one fool that ever bids on something someday. And when I do, I'll probably have missed something critical, and end up with something like ""phone does not currently power on"" in the description.

TL;DR: You ignored time."
t3_21tad1,post,0,1,1,0,1,train,"is always interesting. On a Friday or a Saturday there are a good variety of people represented. Weekend warriors, tourists, college kids, alcoholics, etc. It feels accepting, like shit I'm here just like any other day only thing is I could be anyone right now. Then there are the times at 10:30 AM on a Monday when you're buying a bottle and the guy behind you has a 40oz with clothes that obviously haven't been washed in weeks and behind that is a somewhat respectable dude but he's got a handle of bottom-shelf and then some chick who looks like she's about to get some liquid courage before she hits the corner, I see those bags under your eyes and the second-hand miniskirt that's a bit outta style but still attracts attention. And then there's you. Where do you fit in? What do you represent to all of those other people in line? Do I look respectable, damn I brushed my teeth and took a shower before this I must look alright. Or can they see it in your eyes, slightly bloodshot because you lost your Visine last night and didn't sleep but a couple hours, shit I got a goddamn Brooks Brothers vest on right now I must be good. Or do they see through that facade? The guy at the counter always knows though. Doesn't even accept your ID because he knows your in here at some point everyday. What does he think of you? Does he think you are a functioning alcoholic, does he see your imminent demise, is he also a little bit tipsy and doesn't give a fuck? These are the thoughts running through my head every time, because I'm not drunk enough and the anxiety is kicking in right now and shit get me a pack of Marb Gold Pack and let me be on my way. Duck in the alley and pop open the pint of 100-proof you need to get the day started. Then it's off to the races, I got an 8 hr shift ahead of me but shit I gotta bottle and no one in the liquor store line called me out and I was looking good baby. There's the confidence, pop another quick shot just to keep it going for another 40 mins or so. Then it's into the bathroom at work to keep the facade up. Repeat. Get out of work. Go back to the liquor store line. Purchase the poison. Get wasted and wake up in a daze with the anxiety again, shit I gotta go to the liquor store line again and still be acceptably late to work and confident enough to pull off the facade. Grab some spearmint gum too, now we're good.

TL;DR: The liquor store line is a fascinating example of how the private live's of strangers will always keep you guessing after what the truth behind humanity is, if there even is one."
t3_2x1gu1,post,0,1,1,1,0,train,"I've thought about this for a while, but only decided to post when someone else brought up how weak they may be.

Everyone assumes that the animatronics can walk at a leisurely speed. And that Foxy can run quite fast. However, this is proven false. Because the time spent playing does not equal the amount of time the guard has been at Freddy Fazbears Pizzeria.

I'm quite sure that an ingame hour lasts about 2 minutes; making a game last 6 hours. This puts the minutes spent to minutes passed ingame to 1:30. A while back, a thread came up saying that it's impossible how fast Foxy can run in the game's day and age. However, Foxy actually runs incredibly slow. Like, a meter every 30 seconds.

With this logic in mind, Bonnie, Chica and Freddy must also be quite slow. This also means that you have your door light on for about minute at a time (assuming the average player checks for 2 seconds), you look at a camera for almost hours at a time, and a night job there would be incredibly easy.

TL:DR; Everything that happens is happening 30x slower than you see it."
cnb9ath,comment,1,1,1,1,1,train,"Ok, i don't want to spam subreddit so I'll try it in here, hopefully someone will see it:

I used Android for long time now, switched to windows phone 2 days ago (Lumia 630, Windows 8.1).

I have over 2000 pictures left over from Android as well as 5gb of music mp3 files on my SD card. I just can't see them or access them neither on my PC or Phone (I have windows 8.1 on PC as well). I tried with windows 8 app, i tried with data manager apps on my phone, all I can see are folders but they are empty. Phone shows there are used storage on SD card as well as Windows app.

Also, I can't see any files, only folders on both phone/windows while using Windows Explorer or any other file management software in Windows, but I can access phone files (pics and ringtones on phone) via windows 8 app on PC.

Is there a way I can access those files as I want to backup them before I format SD card (if that is necessary to get it working properly)?

Edit: I added some music to SD card through PC app, those files I CAN SEE on SD card now... I can't see anything else though.

TL;DR: I cant access ANY SD card file on my phone (used to be on android).
"
t3_4u3vdj,post,0,0,0,0,0,train,"Uber is currently valued at 62.5 billion, while TSLA is valued at 31 billion. 

From this I would argue that uber has done amazing things and transformed the landscape. I agree they are a valuable and profitable company. In the end they hold nothing proprietary though. They don't own the cars, the drivers are not under contract, and really what they have is a widely used app and a fleet of drivers that choose to be with them. 

What if, you cut out the driver part? How much is that worth to Ubers valuation? To estimate at this I would say you could take the total value a driver could make expect to make, less cost of vehicle, maintenance, and gas. This new total would be the per driver added value that Uber would now pocket. Take that and multiply it by 24 hour cycle instead of 8-12 hours a human drives, and then multiply it by how many uber drivers they have. (Side note, this is all estimating, Uber actually could figure this out to the dollar) Now, you have the added value to Uber. 

Take that same scenario, but if you are Tesla. You must build the app (1000% doable), then start producing the cars that Uber already plans on buying but you don't sell to Uber you create your own fleet. This in turn allows you to achieve the same value add as the driver removal above, plus there will be cost savings on the gas and you already have regional distribution in place and maintenance. 

I hate typing on my phone. But this is my first thought when I looked up what Uber was up to in value... Downside.... This is a long ways off and Elon could fail. I just think that logically one of the 2 companies values are off if you take a 10 year view at it. I normally post to WSB but they don't like long term talk. 

TL;DR how would you capture the Delta in expected value between these two companies? I am up for discussion."
t3_49bk66,post,1,1,1,1,1,train,"Just wondering if anyone else has been through something similar. I've recently had to start acting as a caregiver for a sibling who is going through some major mental health issues. It's not nearly as bad as it could be--they still go to work and can be left alone for pretty good chunks of time if needed, etc. but various things like accompanying them to appointments, making sure they're following their treatment guidelines, etc. take up a lot of time and energy. Our parents call a lot and arrange as much as they can long-distance but I am the only family member in our area, so a lot of responsibility has fallen on me. The stress is really starting to get to me. Most of the caretaker support stuff I come across assumes that you're taking care of an elderly person and that you've quit your job to take care of them, neither of which is the case for me. 

tl;dr have any of you had to act as caretaker for a family member while doing grad school? If so, what has helped you stay sane?"
cnafgp7,comment,1,1,1,1,1,train,"I think everyone should make a stupid ass, scary as fuck move when they are young. You might fail, but it's a good experience. It makes everything else seem doable.

I moved from Florida to Minneapolis with $500 and all my belonging in the trunk of my car. I didn't know anyone, had no idea what to do. I lived in squalor until I found a good job. 

It was stupid. I had no winter clothes. No contacts, no friends. But I look back at it as one of the most important things I ever did. I have the confidence that no matter what happens I started with nothing and made it work.

Also Minneapolis and Chicago are in the Midwest and got it going on, playa!

TLDR: I don't care, GTFO and scare yourself. Failure is sometimes the best teacher."
caj372c,comment,0,1,1,1,0,train,"Why not both? Adventurers come from anywhere and everywhere. Nothing here is mutually exclusive.

Both, either/ or, and neither are all options. That's the point of RP! you can do anything, be anything.

Starting as a level one wizard? You just got expelled from your university. You never saw anything of the world outside your school's sheltered walls.you're fresh, naive, and ready to light some shit on fire! 
Or, maybe you worked your ass off to get to this school. Traveled hundreds of miles from home, hitching rides with farmers, trading caravans, even a group of marauding road bandits. You paid your tuition with wit, sleight of hand, and any job you could get money for. You're already quite the adventurer. And you got expelled when you broke some rich twat's face because he insulted one of your few friends.

Maybe you're a fighter or a paladin. Your family might have been in the service of the kings for generations; you were damn near born with a sword and wearing full plate. Or maybe you're an orphan who befriended a guard (or, more likely, a bouncer) somewhere who took pity on you and taught you how to fight. Hell, you don't even have to be an orphan: you could be a baker's kid, a merchant's kid, child of the tavern owner, progeny of a prostitute. 
Druid? Lived next door and took an interest when you noticed one of the druidic runes carved into his door.
Thief, ninja? Got mixed up with the thieves guild and ended up staying with it after a series of weird coincidences and misunderstandings.
Alchemist? Crawled behind the counter while a party member/ parent was picking something up. 

Or, you want to already be the hero. Any one of the teachers here would have stories to tell, would have seen things, been places.

Tl;Dr: everything is relative. There is no wrong answer. After all, it's your character to make."
t3_u3ez3,post,0,0,0,0,0,train,"Basically I'm looking for a solar/battery power source for when I'm camping (something that I can use to recharge a Kindle if need be, run a few LED light-strips on, etc).
I found one that has a micro-USB output (can also be charged via USB), and an internal battery that is described simply as ""800mA"". I figure that's a decent enough capacity battery for my needs since I know my Kindle only has something like a 500mA battery. The output is 5.5V 800mAH (so basically the same as a USB port), which is fine for my needs.

Here is where I'm stuck: The solar panel is .8W. That doesn't sound like a lot, but I really don't know much about this stuff. While I don't intend to use the solar to charge it up often (I'd charge it via USB before leaving), it would be nice to know that if I drained it on a camping trip I could leave it in the sun during the day and have enough juice left to run the aforementioned USB light strips for a few hours at night.

So, **tl:dr**: How can I figure out how long it would take to charge an 800mA Lithium-Polymer battery using a .8W solar panel (assuming 100% efficiency)?"
t3_1iyopd,post,1,1,1,1,1,train,"Normally I'd post a deck list, but this is still in the concept phase.

I know Slivers are generally hated in EDH for their linear and boring playstyle- either everyone kills your stuff and you have no fun, or you steam roll the table and they have no fun.

I've also looked around at Zedruu decks and have tried building one myself, and I was not thrilled with it. Donating Delusions of Grandeur does not work for my playgroup, as we dislike knocking one player out or to his knees early on. I also dislike pillow forts, as I feel they slow the game down, so hiding behind propaganda effects while donating Thought Lash doesn't suit me.

Still, I'd like to make a Zedruu deck, as I know she can be a powerful engine once you donate a few things away. I searched the sub, but didn't see anything like this, so I thought I'd bring the issue up: What does /r/EDH think of a Sliver deck where I am giving the Slivers away?

* I feel it has the potential to keep people in check, as their cumulative effects (minus the M14 Slivers) would even things out a bit. Additionally, if one player amasses a sizable army, I can give the Slivers to the defenseless so they can help one another.
* I would run cards like Riptide Replicator and Mirrorweave to make more tokens or provide crazy sweeping blows. Can anyone recommend other such synergistic cards or instant speed tricks?
* What is a good level of exchange control effects? 2? 5? 10? I need a sizable sliver pool, tricks, and exchange control effects; what is is good ratio so no particular group feels diluted?
* Do I keep the typical cards in addition to the Slivers (ie Pyromancer's Swath)?
* Despite not liking Propaganda effects, am I now forced to run them considering I'm giving away creatures from a powerful tribe?
* Obviously, I include cards like Brand, Homeward Path, or even Insurrection to steal the Slivers back for a mass swing if they hit critical levels. Anything else?\

TL;DR: Is a sliver deck where I give them away with Zedruu feasible?"
c8b330z,comment,0,1,0,0,1,train,"It's interesting to look at how social relationships affect an individual's values and how they perceive the social relationships around them. Would the author of this article have come away from those classes with the outlook he has now if it hadn't been for participating in that study group? That is, a study group where there were both men and women, who felt differently about the dynamic of the group, aired those grievances, and came to a consensus. 

&gt;*I’d stay pretty quiet for the first month* or so of class, pushing myself to really listen. In the first week of class I’d say something to clearly *identify myself as opposed* to white supremacy and patriarchy (sometimes capitalism) as systems of oppressions that I benefit from, so people knew where I was coming from. *This was generally met* with shock, excitement and a sign of relief. I participated in dialogue more as I tried to *develop trust* through listening and being open to the information, histories and stories. While this strategy incorporated anti-sexist goals, it was also about *presenting myself* in a certain way.

This paragraph in particular illustrates how the author learned to change their behavior over time to be accommodating to traditionally oppressed peoples, and be accepted into their group as an equal rather than as a potential antagonist. 

I think people from all camps can learn from this sort of open-mindedness to ideas that challenge your current conception of how people interact with each other. In terms of how this model could be applied to this subreddit, I think all parties need to ease up on the aggression - we're not here to convince anyone they are completely wrong and we are completely right. We want to build mutual understanding and consensus. 

This cannot be achieved through seeking to dominate discussions through vote brigades or bans. The former only provokes moderates to support harsher moderation measures that serve to stifle discussion, while the latter may cause an individual to abandon the group entirely in search of a more empathetic social group (oftentimes /r/mensrights or /r/anarcho_Capitalism). While driving away people with dissenting opinion will bring consensus to the group, it also shrinks the group and enlarges rival groups - you're pushing fence-sitters to adopt opposing ideologies. 

tl;dr heartfelt discussion of experiences, perceptions, and values &gt; harsher moderation policies"
c2g0u0z,comment,1,1,1,1,1,train,"As I said, just because they list his name does NOT mean he actually did any work on it. It's called ""ghost writing"" 

And he definitely does not seem capable of writing a song by himself. Thus, not a musical genius. To go back to the Mozart reference, how often do you think Mozart used a co-writer?

Did you know that the band Hanson, at the time pre-teen and teenager boys, wrote their music themselves? Without co-writers on a few early tracks.

Sure, not many people like them anymore... but many in the musical community DO view them as musical geniuses. They sort of fell under the radar and started up a song writing camp sort of thing. The middle one started up a band with members of Smashing Pumpkins, Fountains of Wayne and Cheap Trick.

All three are capable of song writing, playing their own instruments and singing. And have been since before they were in high school.

""Weird"" Al Yankovic. Just a young kid, wrote music himself and parodied other peoples music. Yes, he basically rewrote the lyrics to some songs... but he HAS created many songs himself. And I know plenty of people who consider HIM a musical genius.

These guys broke into the musical community because they were GOOD at music. At writing playing and singing music.

Drake broke into the musical community because he was an actor who already had some fans. He doesn't have a single track written solely by him as far as I can see. There's absolutely no reason to believe he is anything more than a ghostwritten ""well he's already a star"" ""rapper"" produced by the people who realized that sort of shit rakes in huge money.


**TL;DR there are musicians out there who sing, play and write their own stuff. They broke into the industry by being good. Drake does not. He broke into the industry by being an actor and singing other peoples stuff.**"
c8qa2fh,comment,0,0,0,0,0,train,"Well, that's a big question. Here's my short take:

Amazon's a big place. There are many, many teams, and they're all different, culturally. Working for the team that makes flash games on Facebook is not at all going to be the same job as working on a team that maintains a legacy tool that is needed by the ordering system for the amazon.com retail website. It really, REALLY matters what team you're working on. Oh, and watch out: some of the most painful to work on teams are the biggest hirers, so be careful.

Next up, one of Amazon's core values is frugality. That means that they are always watching their margins like a hawk. If you've been talking to your friends at Google or Facebook and they're telling you about much they enjoy their free food and free massages and free ski trips and free electronic doohickeys, don't get your hopes up. You're never going to get any of that stuff. If you're very lucky, you may get a kazoo with an Amazon logo. The Amazon philosophy is that they pay you a certain, calculated amount, and it's quite high, and if you want any of those benefits, you can go out and buy them with the extra money they pay you. This is not entirely true, mind you, since those other companies can pay just as much or more, but it's certainly not bad pay at all.

All in all, there's a reason Amazon isn't anywhere in the list of the ""100 best companies to work for"" lists and Google tends to be #1 most of the time, and both of them have offices in Seattle. That said, Amazon can be a fantastic place to work if you get a great team with a great manager.

tl;dr - It REALLY REALLY matters what team you're going to work on"
c9dgxgi,comment,0,1,0,1,0,train,"This episode was extremely disappointing. Except for Conversation Bingo and Chang's Meta Puppet, nothing felt original or worthy of even a smile.

Music: Unlike Abed's Unforgettable Christmas or Regional Holiday Music, none of their songs were catchy or clever. They were just sing along plot progressors. There wasn't a single joke in either of the two songs - we're flying a hot air balloon and revealing secrets.

Plot: Ok - Muppets go on adventures, so a muppet adventure trope could be cool. But their adventure doesn't go anywhere and isn't clever. I love drug humor (Cheech and Chong, Harold and Kumar, Pineapple Express) but it doesn't fit with Muppets, or usually, Community, which generally prefers to mock genres than follow them straight (Ie. When Pierce plays the hero Marijuana and Chang has to save the kids by acting crazy cannabis.)

Secrets: Nothing that affects the character's development or relationships, which is key to any big reveals. The characters even say as much. This could have been a really cool time to explore Shirley's past troubles. Troy's comes out of nowhere, as does Annie's. Could Troy really burn down 50,000 acres, burning anthills, without any trouble? Doesn't that blacken our opinion of him as the most awesome representation of childhood fun? And isn't Annie's whole cute innocence dependent on her not being slutty? If Chevy doesn't have Eartha Kitt, which was one of his most memorable and oft repeated lines, then he really does have nothing. It's like how South Park totally defamed Chef when he left the show.

Opening: Literally nothing.

Tag: I think this is the first time the show actually took us into our world. That really pissed me off. I love watching behind the scenes and interviews, but searching for them afterwards. If you include it in your tight 22 minute block, it tells me you have doubts I'll want to look it up later (which for this episode, I definitely do) and that you weren't clever to fit a bit into the show, which, in an episode with no laughs and only two smiles, is again true.

Misc: Garrett's panic lead to nothing. Oh fire? Let's not follow that up at all. Not even with screaming kids or flames in the background as they learn to love each other again. That could've been fun. Magnitude's popularity reused, Dean's obsession with Jeff reused, Dean's costume change reused, Chang's ""Don't trust him"" unnoticed. It's like the writers figure they need to keep the universe active but forget the #1 rule of storytelling: every line must either progress character development or plot, or be funny. Preferably both. When the line does neither, it should get cut. By that standard, most of this episode should have been cut in the writers room. The first two seasons of community held carefully to it, and the third season made up for many poor lines with tons of experimentation. But all we got here was rehashes and character betrayals.

tl;dr Musical numbers, adventures, and secrets are all ingredients for greatness. This episode crashed on all three. 

  "
cedwzj6,comment,0,0,0,0,0,train,"The legality of carrying a weapon (*any* weapon) in California is: it's not, don't even bother.

To be specific:

PENAL CODE   
SECTION 21310-21390 

21310\.  Except as provided in Chapter 1 (commencing with Section
17700) of Division 2 of Title 2, any person in this state who carries
concealed upon the person any dirk or dagger is punishable by
imprisonment in a county jail not exceeding one year or imprisonment
pursuant to subdivision (h) of Section 1170.

21390\.  The unlawful concealed carrying upon the person of any dirk
or dagger, as provided in Section 21310, is a nuisance and is subject
to Sections 18000 and 18005.

16470\.  As used in this part, ""dirk"" or ""dagger"" means a knife or
other instrument with or without a handguard that is capable of ready
use as a stabbing weapon that may inflict great bodily injury or
death. A nonlocking folding knife, a folding knife that is not
prohibited by Section 21510, or a pocketknife is capable of ready use
as a stabbing weapon that may inflict great bodily injury or death
only if the blade of the knife is exposed and locked into position.

**tl;dr:** you can't even carry a mean looking stick.  Here's a list of some other weapons that are categorically illegal:

&gt;any cane gun or wallet gun, any undetectable firearm, any firearm which is not immediately recognizable as a firearm, any camouflaging firearm container, any ammunition which contains or consists of any fléchette dart, any bullet containing or carrying an explosive agent, any ballistic knife, any multiburst trigger activator, any nunchaku, any short-barreled shotgun, any short-barreled rifle, any metal knuckles, any belt buckle knife, any leaded cane, any zip gun, any shuriken, any unconventional pistol, any lipstick case knife, any cane sword, any shobi-zue, any air gauge knife, any writing pen knife, any metal military practice handgrenade or metal replica handgrenade, or any instrument or weapon of the kind commonly known as a blackjack, slungshot, billy, sandclub, sap, or sandbag."
cgr4vki,comment,0,1,0,0,1,train,"TKD. Why people don't respect the circular kicks:

1) TKD is addictive and something both sexes can excel at. Hitting a spinning heel kick for the first time is satisfying as fuck (I imagine. Never done TKD). This has made it insanely popular. That popularity was taken advantage of by McDojos. The McDojos lack credibility and since there are so many of them they represent the majority of TKD when in reality it's TKD light.

2) To further taint that reputation the ""face"" of TKD is of course their competition that is also TKD light. The point system is unrealistic (at least compared to Muay Thai). Emphasis ends up being on speed and points rather than practicality. And less than full contact makes the whole style suffer.

3) Any style that focuses on one aspect of fighting is viewed as weak right now. Not only is TKD known only for its standup, it is also focuses almost solely on kicks. That's two steps down from what is considered the ideal. In addition the kicks are often circular which gives them a huge power boost, but also can telegraph their intentions. And there is generally plenty of time to counter or back up as they are spinning around. So even what they do well is considered weak.

Truth is a really good TKD guy will mop the floor with you. One of the worst defeats I've ever had in full contact sparring came from a TKD dude. He was legitimately trained though. He said he trained with Korean Special Forces (to be fair it was Hapkido but the kicks were not telegraphed and they were devastating and powerful and fast).  I believe him too. He had some convincing memorabilia and the skills to match. If you live in Springfield MO I can get you in contact with him. Just PM me because I'm not sure you can find him otherwise.

TLDR; They have a bad reputation because the majority of TKD has been ruined by parasites, but a real TKD school is nothing to scoff at. They can and will kick your ass."
t3_16fiyg,post,0,1,1,0,1,train,"Let me clarify. Every moment from age 15 when I gave my life to Jesus, to now (age 22), I have been a Christian. Sure, there have been moments of ignoring the Christian faith and living a ""worldly"" life, but my last 3 years in college have been completely devoted to campus ministry, and discipling others. It has been a positive experience, for the most part. I have met many friends, and I have a wonderful support system through this ministry. Over the last few months though, I have been feeling more and more like this is kind of a lie. I am at a turning point in my life where I either need to give myself over completely to Christianity, or drop it and move on. Basically, I need resources to make a decision. Is there anyway you can help me, via personal stories that are similar, book recommendations, youtube links, etc.? I want to be able to see this from every perspective, and will also be praying and searching the bible and bible resources in accompaniment to whatever is provided by you guys. I would really appreciate your help and would love to discuss this with someone. Thanks!

**TL;DR** Questioning my faith, need resources or stories from the other side of the spectrum

**edit** Oh my gosh, wasn't expecting this much feedback. I promise I'm reading your posts as I go, but responses will be pretty slow since I'm working a 15 hour shift today. Thank you so much for commenting and helping though! "
t3_18k5bv,post,0,0,0,0,0,train,"I have the ability to fly to Japan for free (Space A Retired).  I'm 22 just so you know. Id be traveling alone at age 22.

Would it be a bad idea to utilize this and travel alone?  I could stay for as long as I chose (essentially) and travel at any time (weekly scheduled flights go out year round)  

I have started teaching myself Japanese but all I know so far is Hiragana and part of Katakana.  I know some phrases as well but in general I know less then survival level Japanese.  

Would traveling to a country, without knowledge of its language be a bad idea?  Id have the ability to stay on a military base as well.  Not sure if that makes this better.

TL;DR  Would you say visiting Japan is a bad idea, with little to no knowledge of the language, and traveling alone?

P.S. I do have friends in Japan i could potentially see to make travel easier.

"
t3_p29s0,post,0,0,0,0,0,train,"Hi everybody, right now I am in the middle of shooting a film and am in dire need of a new space to operate in.  The project is a sarcastic Space Fantasy and it's shot 100% on greenscreen.  I live in a large city (Chicago) and up until this point I have been travelling 40 minutes to Indiana to shoot in a small makeshift studio space in a music recording studio.  It gets the job done...but it's tiny, far away, and the time to vacate is quickly approaching.

What I am looking for is very basic, I pretty much just need a private area to set up the greenscreen and lights that's got decent acoustics and where ambient noise is not a problem.  

I'm just wondering what you all would suggest I begin looking for and if anyone here has experience with setting up a DIY studio in a large city where space is more limited. 

There's a few things here in the city that I have looked at, but I'm having a hard time since searching for actual studio space is ridiculously expensive.  

TL; DR - Where would you suggest I look for DIY studio space in the big citay?

Here's a still from the project for fun: 

Thanks!"
c7712ed,comment,0,0,0,0,0,train,"So you're justifying the racket by speculating how bad it *may* be without brokers, and pointing out how bad Craig's List is, ignoring the fact that the current CL situation was largely created by brokers in the first place. ""Fee""/""No-fee"" distinction is also a concept invented by brokers themselves. By this rationale, you're showing me a shop trashed by the mob and telling me ""See, Mario went no-fee, and look at where he is now. It's a shithole. He shouldn't have screwed the 'broker'"". 

""Weeks of hard work"" ?  Please. What hard work? That may apply to sales, but not even always. 

Yes, brokers do some job indeed. They may walk you into the apartment and check your paperwork. They may do that for few other people also. They do that same thing in all other places outside NY. I don't mind paying *some reasonable* fee for that. But that job is not worth a fraction of the fee they charge here. Both ""good"" broker and ""bad"" broker would charge $5400 for renting you a $3000/month apartment. I think you got it wrong about who is a dick in this transaction. If that is not screwing, then your concept of the value of money is different from the people who earn it. 

TL;DR NY brokers are screwing people for money all the time. They deserve no pity. Bypass them whenever possible. 

"
c79r7uo,comment,0,0,0,0,0,train,"Here's a few ideas:
- Make a crapload of little skulls (you can't go wrong with skulls).

Woods:
- Make some big crazy looking mushrooms and call them trees
- Make a crapload of little skulls and put them on pikes and call those  woods as well.

Rivers:
- make a river, then paint it to look like pus, lava, or magic (maybe even imbed some little tortured faces in it)

Hill:
- Make a small hill from insulation foam or something, then cover the outside with skulls. Instant khorne centerpiece.

Rocks/etc...:
- pink/blue insulation foam. Make some floating rocks
- carve symbols into rocks and make a summoning circle
- Volcano?
- Make a rock that looks like a skull?

**tl;dr: Skulls, skulls, skulls**
"
c1wpuyh,comment,0,0,0,0,0,train,"I think the confusion arises from most people (atheists included) not being professional philosophers and consequently in casual conversation they may make statements that, if pressed, they would admit aren't completely solid in epistemological terms. For example, I admit that it is impossible to prove that god(s) do not exist. How could I? Even if I invented a computer that would calculate every single variable in existence and deduce that there is literally nothing beyond that which we can see with our eyes (of course we already know this not to be true), it would still be feasible that a god was manipulating my perception of reality to appear that way. 

In other words, it is literally impossible to prove that a god or gods does or do not exist. I believe anyone who disagrees is wrong. On the other hand, it is possible to prove that a god exists. If something exists and it is detectable then it must be possible to detect it and consequently prove that it exists. This, unfortunately, has yet to be accomplished. In fact, as far as I am aware, there is 0 proof that a god or gods exists that cannot be explained away in natural terms. 

I am a weak atheist in the same sense that I am a weak unicornist and a weak boogeymanist. It is impossible to prove that they do not exist in the same way it is impossible to prove that god(s) do not exist. However, since it is possible to prove that they do, and 0 evidence has been put forth, I conclude that it is the most reasonable position to assert that they do not exist. 

**tl;dr Imposible to prove god(s) don't exist. Possible to prove that god(s) do exist. God(s) are unproven. Most reasonable to believe they don't exist. Weak atheism only possible type of atheism due to the nature of the question.**"
t3_2v4d34,post,0,0,0,0,0,train,"Hey guys,

I could use your advice on something (no, you don't have to know anything about makeup).

My wife is a talented freelance makeup artist. We're trying to think of ways to expand beyond freelance. We're wanting to get more cashflow and we've given a lot of thought to workshops (both group and one-on-one teachings). My wife is a good teacher as well as a good makeup artist (and I'm not just being biased).

Earlier today, I read a great article in Inc magazine about a company called [PaintNite]( They started with an initial investment of $6,815 (I believe in 2012) and had $30 million in revenue in 2014. Not bad ;)

Basically, it's a 2 hour event in a bar where you have drinks with friends while a professional artist teaches you how to paint. It's a big hit for bachelorette parties and girls night out.

I'm thinking this could be a good idea for makeup. Women could get together, drink cocktails (or whatever drink they want), have fun, and learn makeup tips from a professional makeup artist (my wife).

My question for you guys: What do you think I should do to make something like that happen? Should I reach out to some event planners in NYC (where I live) and try to partner up on these events? Would an event planner have a network she could tap into? Would she be able to bring in paying customers?

Or should we try to plan this ourselves?

Maybe I should find people who are engaged and ask if they'd be interested in this for a bachelorette party? Or maybe that would be tacky?

**TL;DR My wife is a makeup artist and we'd like to build a business where she teaches workshops for girls night out. Is this a viable idea?**"
cl0nqb2,comment,0,0,0,0,0,train,"&gt; The Tragedy of the Commons is a fallacy

can't call something that isn't supposed to be an argument derived from pure logic a fallacy.

a fallacy is where a link in a logical argument is untenable. for example, if i were to say that because all dogs have four legs, and your pet has four legs, your pet must be a dog, would involve a fallacy (and only one, assuming we are not including crippled dogs). this one is known as ""affirming the consequent.""

if A then B does not entail that if not B then not A. here A is obviously the antecedent and B is obviously the consequent; as one is before the other (""antecedent"" or precondition, in more-common terms), and the other is just a consequence, hence the whole ""if-then"" structure.

the tragedy of the commons is just a hypothetical scenario. you can't call an object (such as an imagined scenario) a fallacy. that would be like saying ""global warming is a fallacy"" or ""five-legged dogs are a fallacy."" it's like when you hear people say ""god is a fallacy."" well, only the people who've no actual (formal) education in logic would agree, because they don't know ***what the word fallacy means.***

fallacy = untenable link in a logical argument. formal fallacies are ones like denying the antecedent, affirming the consequent, etc.

informal ones are like strawman (pretending to defeat one's opponent by arguing against something they haven't argued for), argument from authority, argument from popularity, etc.

either way, a fallacy is still merely a ""break in the chain,"" if you will, of one's argument. formal fallacies involve a broken link in the chain of a deductive argument. informal fallacies also present the user no support for their argument, but they are not necessarily in the context of a deductive argument.

***tl;dr: you can't call a hypothetical scenario a ""fallacy."" that is like calling a cat a number, or a baby an argument.***"
c9gjmna,comment,1,1,1,1,1,train,"The only time I ever felt anything touch me was when I was about 10-11. My grandpa took me on a hike through the woods to go find this old pioneer graveyard. It was way out in the mountains, far away from any main roads, no houses within a good distance. You really had to know where you were going to find it, because it was about 30 feet down a really steep hill away from a logging road. The hill was really slippery with mud.

We spent about an hour out there, clearing weeds and vines and dead leaves and stuff away from the headstones, putting wildflowers on them and stuff. We decided to leave and started back up the hill, but it was really tough going because it was so slippery and steep. My grandpa was barreling his way ahead of me (frigging mountain man style) and I was lagging behind. I guess I leaned back too far, but I lost my balance and started flailing my arms like you do, and next thing I know there's this slap on my back, right between my shoulder blades.

It pushed me forward and I felt this pressure there for a few steps after I regained my footing, and I was able to climb the rest of the hill without a problem, other than slipping around.

When I got to the top I turned around and looked back down and didn't see anything. It was pretty awesome. I didn't get the shivers or creepy crawlies or whatever--it was just like someone kept me from falling over and rolling backwards down the hill.

**TL;DR: Hiked to an out-of-the-way pioneer cemetery to tend the graves and on the way out I started falling backwards about to roll down the hill and something pushed me back up.**"
t3_icafx,post,1,1,1,1,1,train,"Hello, let me first say that I am new here and not technically an engineering student. I am an Information Science (Essentially Information Systems) major going into my senior year. I am currently working as a Systems Engineer through the end of the year as an internship.

I am having second thoughts regarding my educational path, and I am hoping to get some input. I started school as a CS major, but switched to IS/Business because I found the coursework more suited to my interests.

As I reach the end of my undergraduate years I am looking closely at employment options as well as higher education. If I were to pursue a masters degree, I am interested in pursuing a program in Computer Engineering or Electrical Engineering. I find the career paths for these degrees to be more appealing than what a masters in Information Science would offer me.

That being said, I can't help but feel like I'm too late. I know it's *never too late*, but I feel like my degree in IS would negatively affect my chances of succeeding in one of the aforementioned programs. So I came here to ask for some input in terms of my options.

**TL;DR** I graduate next year with a degree in IS, and would like to pursue a masters in EE or CE. Is it a pipe dream?

Thank you.

EDIT: CompE not CE."
cgepwe1,comment,0,0,0,0,0,train,"what I dont like is his anti-social, non verbal, no hello or greeting like a normal social human, uncool way of going about filming people. evrything in life is nuanced, and lot of people like to forget about the above issues. we are humans and interact in society with a basic respect level and civil nature. this guy (if you dont know what hes doing) invokes emotions in the average empathic person who expects decent interaction with others.

I would actually find it odd if someone decided not to investigate what he was doing, and didnt find it rude that he doesnt introduce himself or treat them with respect when they ask simple questions. We have come a long way with evolution and civilization, and to dumb down now and pretend we're all robots, is stupid to me

tl:dr dont be a dick and expect people to ignore it

that said, I wouldnt react in an angry manner towards him, id just pull out my phone and film him without saying anything until he left then follow him for 10 min or so, not answering his questions"
c4x5lpj,comment,0,0,0,0,0,train,"In the early universe there was just hydrogen and some helium gas.  Gravity caused the gases to gather together in clouds which eventually got dense enough to start nuclear reactions and stars were born.  One of the products of these first generation stars were heavier elements.  When the stars ran out of fuel they exploded in supernova and created even heavier elements as well as shooting these heavy elements far away.

Eventually gravity caused some of the heavy elements and gases to gather together again to create a new star.  However some gathered together into planets instead.  By a currently unknown mechanism abiogensis happened and life began on Earth.

At the bottom of the food chain on Earth are plants.  They get energy from the Sun, get carbon from CO2 in the atmosphere, and absorb water and nutrients (other molecules and elements) from the ground.

Herbivores eat plants and get their molecules from them.

Carnivores eat herbivores and get their molecules from them.

A human eats both plants and animals thereby in-taking elements (arranged into molecules) into their body which are absorbed from the GI tract into the bloodstream.  The molecules are passed via their blood to cells in their body which can use the molecules for different functions.  A pregnant human is connected to their fetus via the umbilical cord.  The nutrient and oxygen rich blood from the mothers blood stream travels through the placenta where it passes on the elements to the fetus' blood stream and removes waste.  The nutrients are then distributed to the fetus' cells which use it to build more cells or for other functions.

tl;dr You are what you eat."
c73d6fs,comment,0,0,0,0,0,train,"It sounds like you are not experiencing severe deviations in altitude, which leads me to believe you have a pretty good base set of skills to work with. However, I’m not familiar with where you are in your flight training but perhaps setting increasingly stringent goals in regards to acceptable altitude deviations would allow you to focus more actively on holding altitude. For example, don’t allow yourself more than +/- 100ft/50ft/25ft and so on until you find yourself holding altitude dead on automatically. 

I know as a private pilot most of your time should be spent “outside the cockpit”, especially because it is very important early in flight training to instill a good understanding of basic attitudes, because without that it will be very difficult to progress into more advanced flying/maneuvers.  But now that you have some time under your belt, I would recommend a little more emphasis on your instruments. You should be setting an attitude whilst looking outside but then confirm with instruments inside and spend a little bit of time working on your “scan” that will become crucial in IFR conditions. 

Keep in mind that as your workload in the cockpit increases (ex. Flying in the pattern, or making a diversion), it is easy to neglect some of the secondary tasks as you focus on the major task at hand (getting the plane on the ground). This problem can be exacerbated if you are mentally behind the aircraft. So my point is, think ahead and anticipate the changes you will have to make. If you don’t have to think as much about what you are “doing in the moment”, some of that mental real-estate is freed up for you to focus more on such things as maintaining pattern altitude to a tee or nailing that final approach speed. This mentality to flying, although hard to develop early in your flying career, can improve your flying drastically. 

I know I’m beating a dead horse here, but I can’t express just how crucial properly trimming the aircraft is. Trimming is a skill that I highly encourage you perfect because it will be particularly important when progressing to larger/faster (ie heavier) aircraft. Also, once you are sufficient in quickly trimming an aircraft you will find that you will be much smoother overall and less “hunting” will occur for altitudes etc.

Sorry this has turned into a short novel, but also keep in mind that some weather conditions  (extreme gusts, thermals, etc.) can make it exceedingly difficult to maintain altitude at high standards. It would be to your benefit to recognize these situations and accept that deviations will occur and focus on flying the plane and making quick corrections towards the altitude in question and not let yourself get frustrated and distracted by a pesky 100 feet. 


TL/DR: Set personal goals, put more emphasis on instrument scanning, Think ahead of the plane, perfect trimming
"
c18w7la,comment,0,1,1,0,1,train,"Freshman year of college my roommate and a few friends were hanging out in one of our dorm rooms.  My roommate had just gotten a new pocket knife for some dumb reason and was messing around with it.  My buddy across the room asked to see the knife, so what happened... My roommate tossed the open knife across the room and boom, right into his thigh. It stood straight up in his thigh.  After several minutes of Ace Ventura like [screaming]( we took him to the hospital.  The nurse said that if they admitted him, they would have to file a police report because it was technically a stabbing.  So instead she took him into her office and super-glued it shut, tossed a butterfly bandage on it and sent us on our merry way.  

TL;DR Apparently, even if you have health insurance they will still use superglue instead of stitches."
t3_1qxwhj,post,1,1,1,1,1,train,"I recently got engaged to my wonderful fiance who I have been seeing for over 4 years.  I could not be happier and cannot wait to be his wife!  However I find my self in a dilemma involving my younger sister who will be my maid of honor. A little background on my sister she is extremely outspoken and tends to always get her way.  She can be a little scary when she is angry so my family and I try to avoid conflict with her.  She has been dating her current boyfriend for just about a year now and is positive he is the one.  Even though her last 4 boyfriend have also been ""the one"".  Not to mention she has gone through 5 boyfriends since my fiance and I have been together.  A couple days ago I get a call from her boyfriend asking me if I could be present during his proposal (he wants all the family to be there) which he is planning to do exactly 3 weeks after my fiance proposed to me.  I am a little surprised he is planning to do this so soon to my proposal but I want to be happy for her.  I then get a call from my sister letting me know if she were to get engaged this year she would be getting married in July 2014 which would be a few months before my October 2014 wedding.  I let her know I am okay with her getting engaged the same year as me but I would like to get married first.  She then starts giving me all these excuses about how she won't have time to plan a wedding for 2015 because she might be in law school and will be too busy.  Keep in mind she hasn't even gotten into law school or even graduated from her undergrad.  She also refuses to have the wedding in any other month than July.  After talking about it for an hour she still says she has to get married before me.  I honestly do not know what to do.  I have talked to other family members about the situation and they basically all said ""Oh well you know her she is going to do it either way"".  I want to get married first but I also don't want to give up my fall wedding plans just to do so.  Am I being petty about this or am I justified in being upset about this?  What would you do in this situation?  Thanks for your help!

TLDR: Sister is getting engaged 3 weeks after me and wants to get married before me.  Don't know what to do. "
cm9urok,comment,0,0,0,0,0,train,"Anyone who talks about laying their bike down is an eejit, especially when it comes to modern bikes. There's this sort of long-standing belief amongst older riders that if you're in a position where you're gonna hit something - car, wall, other bike, person - you should drop the bike because that'll stop it quicker and thus make the accident less dangerous. Back when everyone had drum brakes, that might've been true. It definitely isn't now, especially with ABS becoming the norm.

Uhhh, more on-point - falling off doesn't happen to everyone. It happens to *almost* everyone, but not everyone. I read something about a statistic whereby if you get past the first couple months, your crash likelihood drops outrageously quickly, and with good advanced rider training and suchlike you can make it lower than in a car. Skillful riding is safer (in that you crash less) than car driving, since bikes are so much more nimble, with more responsive cornering, a smaller size so you can fit through tighter gaps, and better stopping distances. Obviously a crash is gonna hurt more, but smart bikers don't crash more often than drivers.

TL;DR: Crashes on bikes hurt more, but they only happen more if you don't take the time to learn to ride better."
t3_p30mv,post,0,1,1,1,0,train,"Sometimes, when I'm having trouble with school, this feeling manifests itself in a tangible object in my dreams, i.e., a baby.  It's been happening for years and it's always the same little girl at different ages.  She never has a name, and I always struggle to take care of her the best I can (which would still be inadequate by any parenting standards).  Here's where I'm having trouble.  
Recently, the little girl changed.  My boyfriend broke up with me and I've been having issues with my dad not taking care of my little sisters (way longer of a story than this).  The little girl was a mixture of what my little sister (one of them) looks like, and the guy that dumped me.  To make things weirder, my cousin's stepdad (who helped raise me) was there, dropping things off and helping me as a single mother.  I was dating a very nice man, but was worried my children would scare him off. 

Anyone have any interpretations to offer?  I'm thinking this one might be daddy issues scaring guys off.  I'm 22 and I have no kids.

****TL;DR- usually have baby in dreams that represents school that I can't take care of, started having single parent dreams.  NOT a single parent.** **"
t3_3d57e7,post,0,0,0,0,0,train,"Hi, 

So I'm really hoping someone can help me with my home network, I'm a 17yo student so please bare with me! I think perhaps I should post on /r/HomeNetworking but I think this may perhaps be more appropriate here. My networking knowledge includes VLANs and subnetting, but that's pretty much it. I'm only just starting to understand the basics of IPv6. At the moment I want to run my network in dual stack but I need to do my homework first. I’m certain my home network isn’t really secure in its current state.

My gateway/firewall at the moment is the Asus RT-AC68U, I've mainly relied on the built in firewall and it’s done the job so far. Of course I’ve also been relying on NAT and port forwarding (naturally a form of security upon itself). [Up-to now I've never managed (or dare try) to separate my internal network from the external]( although having admired others network maps I'm perhaps looking to do so. Every device located on my internal network hasn't got any particular protection since I've never worried about outgoing traffic and figured my router was good enough to stop incoming. 


When I enable IPv6, every client is going to be publicly accessible so my question includes, how should I go about protecting my devices before enabling IPv6? Setup UTM or PFSense on my server (I’d probably use the same firewall/router to attempt to separate the IPv4 networks with virtual switches...)? Setup firewalls on the clients? How do I setup an internal and external network the same way you can on IPv4 on IPv6? I want to learn ways to accomplish this whilst attempting to follow best practises when possible.

&gt; How do I setup an internal and external network the same way you can on IPv4, on IPv6? 

Currently when trying to remotely access my home network I rely on port forwarding to connect to the correct server (I use the same domain, which is so convenient, especially with SSL Certs). Port 80 &amp; 443 get passed to my apache VM, port 22 passes through to another VM and port 3389 connects to my Windows Server VM running my domain. It works really well. Obviously the same behaviour won’t follow suit with IPv6… but I don’t actually know how it will behave, my gut tells me I’d need to use a separate domain for each server since my router would effectively behave as a switch. That would obviously complicate things when connecting via IPv4. How would this work? How would I have to setup the domains? Could I use the same setup in IPv6?

To those who’ve made it this far, thank you for reading. I’m sorry its such a vast question(s) and I know some of it barely makes any sense but we’ve all gotta start somewhere! Surprise surprise, I’m mostly self taught :/

TL;DR - Student climbing the network stack."
cbaf12s,comment,0,0,0,0,0,train,"Agreed. If the bike or your other distractions had been the real issue she would have dumped you, and then started seeing someone else. People change, and their perspectives change, and oftentimes that means relationships end. Its part of life. However, people who find themselves in that position and have any respect for themselves and/or their SO break up and then move on. They don’t cheat. I know a million other people will tell you this: but if she was the type of person to cheat (and I’m not saying she always was, but clearly she is now) she’s not worth your concern. I have a pretty long standing agreement with my SO that if either one of us gets to the point that for whatever reason we need out of the relationship, we can have that conversation and go our separate ways with no hard feelings. Because honestly even if I get to the point that I don’t want to be with her or vice versa, she is still an important person in my life and not wanting to be with someone shouldn’t mean you instantly stop caring about them at all. And the respectful thing to do for someone you care about is be upfront, and try not to hurt them more then you have to. 
TLDR: Fuck her, you're better off. And bonus, once you're ready to move on the bike should help with meeting someone new. "
c5bvwek,comment,0,0,0,0,0,train,"ugh... its magic. disregard what science is applicable in our world, its pure freakin magic.
 air is all about controlling air currents, while fire is mostly just shooting or making fire *directly* without use of air, besides as fuel if you need to go that technically far. 
i suppose an extremely good air bender could make fire in some way, but firebending is directly making fire, not proxy any other element. same goes for the other elements. 
for a reference that makes more sense in the real world, you can move your own arm. thats air bending in this case, direct control. HOWEVER, you can also moves other people VIA moving your arms. not directly. thats firebending via airbending. feel me? excuse my rambling. 

rule number 1 of bending theories; dont be to technical. its magic, not science. 
TL:DR, no, firebending is not airbending. "
cohm4vg,comment,1,1,1,1,1,train,"I have a 2011 WRX, just changed the clutch 3 months ago.
My mechanic offered me the choice between the original Subaru clutch or a custom made high performance clutch.  Both where the same price.

He strongly recommend me the custom high performance one.  So I ended up with a 6 pucks (with springs) ceramic clutch with upgraded pressure plate and everything.   

I did this choice without knowing what was a 6 pucks clutch... so after doing some research on internet and forum, I became quite nervous, as everyone was saying the car would become underivable for different reasons (clutch pedal too stiff, hard to launch the car slowly etc etc.)

So when I got my car back I was worried, but to my surprise the car is remarkably fun to drive and everything that I read happened to be false.

I would say, the first 1000km are the hardest, because the clutch and flywheel will have to be broken in.  After that Its way more interesting to drive than the original one.

Here my observations:
 -Clutch Pedal still very smooth.
  -Friction point smaller but you feel it way better.
   -You still can launch the car slowly (you still can make the clutch slip)
    -Car still very easy to drive as a daily driver.

My clutch is not an aftermarket one like Exedy or other brand.  My mechanic specified my driving habit and car specification to the clutch shop so they build it custom for my car.  I think its the major point why I really like it and why I dont experience what as been described by other on forums.

TLDR : Do it, change your clutch for an high performance one.

This is what mine look like :

hope this help "
t3_47e3h2,post,1,1,1,1,1,train,"First off, I apologize if this is the wrong subreddit but it seemed relevant.

So I recently bought a tri level home that is about 50 years old and it lacks central air conditioning so I was thinking about upgrading it before the summer hits. The problem is true central air conditioning (one central air handler) is more or less impossible due to the natural and layout of the house which might be the cause that it was never done. 

Anyway, I have read about ductless air units and was considering going that route for multiple reasons. The first being that they are much more efficient, for example some of the units I'm thinking of getting are the top of the line Mitsubishi units rated at 30.5 SEER vs the average of ~16 SEER for a traditional central AC system. The next being the ""zonability"" of them, e.g. the bedrooms can be 72 while the living areas can be 74 and the downstairs can be 70 or something.

When talking about it, my mom brought up a good point that I had completely over looked - wall units take up wall space. It sounds trivial but I confirmed with my realtor that this could be a big issue as it would limit where others (and me) place furniture in these rooms.

The current problem I'm facing is that these more efficient units are wall hung and therefore require wall space for them to stay there. One unit will be in the living room and another in the dining room (I can draw a picture of the layout if requested). The other option is a traditional-like system where it uses a ""ductless"" style air unit but with ducts coming from it that would then separate out into vents that go into the ceiling and not take up wall space. The problem with these units is that they are rated near the average at about 16.5 SEER, while not a bad rating, they are no where near as efficient as the other units.

So **TL;DR:** What is better for resale? Efficient units that take up wall space or less efficient ceiling vents?"
c4fs8r8,comment,1,1,1,1,1,train,"Former waiter here. I found this phenomenon to be true many, many times, but nevertheless, treated every table the same regardless of race/age/presumed income level - whatever.  Not only was I a broke college student who could not afford to forego a potential tip for providing poor service based on stereotypes, I also really, really wanted to give black patrons the opportunity to overcome this stereotype by having them reciprocate stellar service with a reasonable tip.  They failed the test 90% of the time.  

One busy Sunday at Applebees, I went out of my way to be extra friendly for a black party of 8 in the hopes of dispelling this stereotype.  

To start, they refuse to look at me.  Everyone at the table orders Strawberry-Rasberry lemonade, or Kiwi-Raspberry-Strawberry lemonade, or some crazy combination of these things, and consume them at a voracious pace.  This is only significant because in addition to a trip to the soda fountain, I had to take a tray of lemonade over to the bartender, get him to stop whatever he's were doing, and wait for him to mix all these flavored syrups into my table's drinks.  A lot of extra time and work, and now I'm being an asspain to the bartender.  Every time I bring them 4 fresh drinks, 4 others have emptied their glass. They ordered two All-you-can-eat rib plates and split them among the entire table.  For those not familiar, this is a plate for *one* person and can be replenished with ribs as much as said person likes.  What *they* did was order 2 of these and split it between 8 people. Not really allowed, but I didn't want to be a dick so I don't say anything. Being a dick does not earn you tips. All the while, this table is very demanding and takes a generally disdainful attitude toward me.  I am a white male, and I don't know if that had anything to do with it, but I can assure you that their service was prompt and friendly, and I took all this with a smile. Because I'm gonna get a good tip if I do, right?

Wrong.  After about two hours of shuttling ill-gotten ribs and strawberry kiwi raspberry lemonade to a rude, demanding table, I recieved $0.02 from them.  I was baffled when I came back to clean the table and saw 2 pennies sitting among the rib graveyard.

I consider it to be in poor taste to complain about a tip to a patron, so I never did. But this was just egregious. I caught up to the lady that paid the bill, and politely said, ''Ma'am, you left your change on the table,"" as I held my hand out for her to take them.  She looked befuddled.  She said nothing, took her two pennies and walked away with what I like to think was the sting of unanticipated guilt/embarrassment. 

TL;DR: Been burned many, many times by the black patron.  This is a story of one of those times.

Edit: Spelling"
cnwadnq,comment,0,0,0,0,0,train,"I know my club has a doesn't care how many guests you bring, just the amount of time a specific guest comes. I believe the by-laws state you cannot have the same guest more than 4 times a year. This is an arbitrary number only to point to if they feel someone is abusing the guest policy like you're stating. 

Also, guests cannot pay for anything on premises other than goods purchased in the pro shop. Everything for the guest (guest fees, cart, food, ect.) is charged to the member's account. Most clubs you find will be set up in some way to prevent what you're proposing. They want to prohibit people selling privileges for use of THEIR product. Also, most private club guest fees aren't cheap. My club is $125 w/ cart in season so to be compensated for my annual dues I'd have to charge people close to $200 for a round if I brought a guest twice a week.

This is going to sound like a jerk-ish thing to say but if you can't afford to join a club other than to make others supplement your expenses than don't join. Being a member of a club is so much more than practice facilities and unlimited access to a nice course. Your average club also isn't a huge place that you'll blend in and no one will see what you're doing. While my club has about 400 golfing members probably only about 150-200 play semi regularly. Very quickly you get to know everyone. It would be hard for you to keep up what you're proposing very long before someone catches on and you're either asked to stop or removed from the club and have to forfeit your initiation fee.

TL;DR: No. Never."
chr42yq,comment,1,1,1,1,1,train,"I started smoking cigars during a separation and divorce. At that time I was having a hard time keeping my shit together, deep depression, insomnia, alcohol abuse. I was interested in cigar culture and picked up a nub sampler one day, next time I wasn't able to sleep at 4 am I decided to try out smoking. I went for a long walk wile trying one cigar, it got me out of the house, let me think while giving me something to do. Also the perfect way to kill time before my neighborhood cafe opened. Pretty soon it was my number one hobby and helped me through one of the hardest times in my life.
tl;dr: Although I haven't had it help me physically, cigars have helped my psychologically in innumerable ways."
ci8h6uh,comment,0,0,0,0,0,train,"No.  This doesn't work, unless you understand that you are not going to see the retail value that you paid again.  A private shop will 100% take even trades, however, you're going to get the wholesale price for your piece as a valuation and be paying retail prices for the stone that you're trading for.

For example, say you've paid 18k retail as the op did for a 2.1 karat stone in setting.  At a private shop, they'll give you the wholesale price for the diamond and melt value for the gold setting which usually ends up being about 1/3 the retail price, so about 6k.  You'll then be looking at new diamonds that are priced at the same retail value you paid, so you're now 12k short of affording that same oval you just traded in.

Op was given the best advice he could have been earlier in this thread.  Shop the ring around to a few places and check out ebay. Other option of course is placing it on consignment, however, very few people will purchase a ""used"" engagement ring due to the stigma around purchasing a diamond that ended with ""broken love"".  


tl;dr: hope you're as lucky as I was when I proposed and your woman asks for a spectacular durable gemstone as a center gem instead of a diamond.  "
t3_1qxshb,post,1,1,1,1,1,train,"Hi fellow SysAdmins. I was wondering if I could ask your advice on a ""I should be so lucky"" type question I'm facing in my Career.

I started working at a mid-sized company some five or so years ago at a respectable $75k/yr. I like to think due to my performance and commitment I have been lucky to have my salary raised to roughly $115k/yr over my tenure.

The city I'm living in is quite an expensive city but I recognise I'm on the higher end of the pay scale.
I was originally hired as a primarily Windows sysadmin but have not stopped learning new things (except *nix sysadmining)

I'm currently completing a IT masters degree (finishing this year assuming I pass) that has given me theoretical knowledge on unix, project management, networking, security and some web development but I have not been keeping up to date with certifications at the same time.

I have sent my CV to a couple of recruiters but have not heard anything back at all. Have I priced myself out of the market? I also have not solicited any responses to my profile on LinkenIn. Should I just stay the course and continue learning or maybe take a pay cut to go to a different role (perhaps one with some proper linux exposure or in a enterprise company)? I'd rather not go the management route but perhaps architecture would be a potential. 

I'm started to get worried that I'm looking a bit ""rusted on"" in my current role to potential employers and it's asking the question of ""why did this this guy stay at that company so long?"".

Has anybody else ever been in a similar position? Any career advice? I genuinely love solving problems in my job and I have a passion to learn new things but I don't want to paint myself into a corner here.

I feel somewhat ridiculous in asking all this.

**TL;DR:** Have a good salary. Am I too expensive to move elsewhere and gain new experiences?"
cpns5el,comment,0,0,0,0,0,train,"That definitely seems to to put perspective on it. It also makes me think of the fact that, for those who are subscribed already, it's not for you obviously. To put into perspective, the highest view count on any  roosterteeth video is just over 24.5 million views on the angry birds trailer, while the majority of the other ones taper out around 2 million views. While it may seem like an insane amount of views, it's not even 10% of the population of America.
This also doesn't factor in the part where people can and have gone and watched a video multiple times, thereby decreasing the total number of people who have viewed the video (not the number of views)

A side effect, which I think they've talked about on the podcast before (or maybe I heard it from some other content creator), is when someone becomes a fan of a content creator or sports team or band, they are able to absorb themselves into the culture and discussions that come along with it. This has a tendency to almost overinflate the sense of popularity of this item/person/group. I mean, think of how many people you interact with daily, and how many of those people would give you strange looks if you yelled out ""mark nut!"" or ""the fuck train has no breaks"". I can't imagine more than a couple in a very large group of friends. 

TL;DR 
the like and subscribe isn't for us; we're a drop in the bucket compared to how many people HAVEN'T seen or heard of them; fuck it, if it bothers you, skip it or turn it off before then "
c3mzniu,comment,0,0,0,0,0,train,"&gt;I can tell you however that the more 'sciencey' I make my postings....the less hits I get. I would have less of an issue with PT itself and more with it's readership. Do you honestly think that a magazine would continue to print anything if there wasn't a market for it?

I don't think there's a problem with being less sciency and, as you say, there is definitely a market for pop-psychology that's easy to digest, and that's not a problem at all. I think the problem comes when authors (obviously unlike yourself) who are less concerned with reporting the facts and findings of research, or basing their opinion on science, and instead tend to just make up whatever they like and pretend it's ""psychology"". For example, every entry by Kanazawa. 

That would be unfair to use an an example if he were a one-off, but the problem is that (at least to a casual reader like me), articles like his tend to be the norm at PT. There's even a guy there who tries to discuss dog training techniques in terms of psychoanalysis, and rejects well-founded principles like operant conditioning as 'pseudoscience'... 

This, of course, does not apply universally across authors there. There are a couple of people there who do research what they say, and explain it in a way that's easy to digest without sensationalising it so much that it no longer becomes true. Some of these authors are so good that I have them bookmarked and read their new articles whenever they pop up - whilst simultaneously carefully navigating myself away from the rest of the site. 

**tl;dr:** Being aimed at a pop-psychology audience is not the problem; publishing unfounded, and sometimes blatantly false, claims under the banner of ""psychology"", is. "
t3_1qvw2z,post,1,1,1,1,1,train,"After failing to stay awake for the main event on Saturday (it would've finished at 7am here) I had to wait for the usual very legitimate (ahem) sources of replays to download.  I woke up and as per usual logged out of twitter on my phone and laptop just to make sure that I didn't forget and check them accidently.  I then opened up reddit and was greeted by a couple of threads from the supposedly spoiler free /r/mma which pretty much gave away the result of the main event and kind of ruined my watching of it.  

Obviously I didn't know the exact details but from titles of threads such as 'Round 5 of last night's main event ..', and various mentions of contentious decisions gave away that a) it went five rounds (which ruined GSP nearly being finished in round 2) and b) made it obvious by the end of round four that GSP won by terrible decision.

Now I'm not trying to say that people shouldn't be allowed to discuss the event at all, the few times I've stayed up for events I've really enjoyed the post-fight conversation on here.  In preemptive reply to the few who will castigate me for whining, I'm more than happy to stay off reddit if needs be but then what's the point in the no spoiler rule in the first place?  What I'm suggesting is that within the 36 hour period after an event we either stick rigorously to the no spoilers rule or not bother with it at all.  

If we go with the former, then I'd suggest something like discussion threads for each fight with just the names of the fighters, then all the images you want to post and all the talk goes in that thread for the 36 hour period.  Also a counter after each major event saying when open discussion is allowed might be helpful.

**tl;dr: Subtle spoilers from names of /r/mma threads *on my front page* ruined my watching of GSP v Hendricks, what can we do to stop this from happening?**"
t3_nwno7,post,0,0,0,0,0,train,"[Multiverse]( wikpedia article in case anyone isn't semi-familiar with the concept...

So if we accept that there are an infinite amount of separate universes each having the potential to have their own sets of rules, physics, etc etc.  Certainly there would be universes in which Christianity is the one true religion.  So if you accept that the multiverse is probable then you must also accept that there is a Holy Trinity as laid out in the bible...  

In some universes God would make himself known, in other he wouldn't.  There's no way to know which universe we are occupying so  wouldn't it be reasonable to say that at the very least, every logical person in our current universe should be agnostic?

I most certainly oversimplified that theory and may have even gotten some key aspects wrong, if so please correct me.  I am agnostic myself and thought this train of thought would get a better response here than in the other debate reddits...


**TL:DR: Does multiverse theory prove existence of God in A universe but not necessarily THIS universe?**

Edit 1: I am not arguing for the existence of God, I just wanted to explore the possibility of Gods existence in some of an infinite number of alternate universes.

Edit 2: AGAIN I DON""T BELIEVE THIS IS PROOF OF GOD!  Its called devils advocate...

Edit 3: Apparently I'm the only one willing to explore the possibility here.  So much for atheists being open to exploring possibilities.  I wish at least a few people could have put aside their personal believes to hash out what I hoped would have been a fun discussion..."
t3_54xn0b,post,1,1,1,1,1,train,"Hey guys! 

I am very new to mechanical keyboards, and in fact this is my first time buying one.  I did some research and found that I really liked the POK3R in black, however I cannot find any vendors in selling the Black UK ISO w/ MX Browns.  I know this is an issue, however I was wondering if this solution might work?

I saw this German version ( which has the right keys, the colour I want, just not in English ISO.  Is there any way that I could change this so the PC sees it as a UK ISO?  I am purchasing replacement keycaps ( so not having the right keycap isn't an issue?  Is there any way this could work?

tl;dr :  Can I buy a German ISO POK3R and make it into a UK ISO POK3R by fiddling with some settings?

Thanks a bunch :D"
t3_3apnj7,post,0,1,0,0,1,train,"It seems to be, with the way the world is going (and I mean this, from England to Spain to Italy to China to India to Venezuela) the smartest step for any resistance movement is to cultivate a larger degree of independence than currently exists. Why isn't there more of an effort to gather the necessary resources to live somewhat more independently of the state and capitalism? To establish a parallel system that provides for life's necessities, allowing people to cultivate a larger self confidence and the realization that other ways of life are possible?

It seems like there are some movements towards urban gardening and whatnot but what about more cohesive, larger efforts? Not to recede from society but to be able to exist somewhat independent of it.

To what degree can we change the larger system? I'm not sure. I'm not convinced that the old models of revolution really apply anymore. Sure, society is more decentralized but that goes for the other side too. Power invades our lives to a larger and larger degree. We are increasingly undisciplined and with automation - unnecessary. I feel like that is what's coming - it is being made apparent how capitalism works. The labor supply is just another commodity and the human beings that make it up are not conceived of as living things due their lives. 

So what will happen? With automation, the needed labor supply will shrink drastically and many humans will become a non-issue as far is capitalism is concerned. They will only be viewed as costs, and what do capitalists do to costs? They cut them. 

So these people, they will have no other option besides to carve out their own space. This isn't to say that they'll be left alone. I imagine capital won't ever stop haranguing them, but they won't have jobs anymore. They won't have any reason to stay in the cities. We're seeing ever increasing flight to the cities as that's where the work is, but what happens once the work dries up? I don't think the model of the dystopic megacity holds. Once the majority of the population is no longer needed, it is similarly no longer tied to that system. It no longer views that system as something to depend upon.

Societies have broken up before. It has happened quite a lot actually. Cultures emerge and are created in a type of speciation. This could happen again (looking long-run here). There would still be a conflict over space and resources, but it would be interesting to see. 

These unnecessary people will need to learn to acquire food and water for themselves. Whereas all other cultural speciation events have been premodern - when one farming/gathering/etc. group split off from another and individuals knew how to provide for themselves, this is no longer the case. It will be more difficult but would be very interesting to see. Cultivating alternatives could facilitate this process and open up possibilities during it. 

TLDR: The meat of this is: When so many people are no longer required by capitalism, what will those people do? Will they continue to coexist alongside it in the form of criminals and the black market? I'm not sure this will be possible with security increases.
Will the simply die off when they're no longer fed, clothed, and vaccinated? I'm not sure about this either.
I think that to the extent they're not causing any problems for the capitalist class, they will be left alone and ignored. The question then becomes, what will they do with themselves?"
t3_2tb2n2,post,0,1,1,0,1,train,"I have a lot of issues with the iOS store and I was wondering about your opinions on the following and if you have any solutions. 

The iOS store environment is not set up to be user friendly. There are a lot of privileges given to app developers that can result in uninformed purchases. 

I've seen loads of apps I felt required user moderation but I cannot find any way to give feedback on individual apps or app developers. 

Some for problems with mis-categorisation where a health and fitness app will be under medical, which I believe to be a cynical way of improving visibility so it isn't lost among swathes of similar apps in its correct category. Other apps in medical aren't remotely related to medical, such as a beauty tips app. 

Another problem with iOS store I've noticed for years is its compliance with apps in order to turn a profit. I want the 6 options to filter my searches and browsing that currently they have a poor excuse for two options. Apps that are a) entirely free b) upfront cost but no in-app purchases c) free but with in-app unlockable one-off purchases d) upfront cost and one-off unlockable in app purchases e) free with in-app currency f) upfront cost with in app currency. 

You can sort only by those with and without upfront costs at the moment which has always been the least of my worries

Another feature that would benefit the end user is making permissions transparent i.e. A complete list of what the app will ask you for permission to use at any time, and which of these permissions are absolutely essential to the primary purpose of the app or just secondary features. 

Another peeve I have is detail on app updates. Facebook don't even tell you what's in their updates anymore they just tell you to turn on auto-updates. ""Bug fixes"" and ""general improvements"" will not suffice when a game update suddenly asks to track my location at all times even when I am not using it despite it not being necessary at all. 

This brings me to my final point, there should be an option at all times to control when they are tracking location/using your microphone/camera. There is technically this setting available to developers but in my experience, 80% of apps that require location services only allow you to select all the time or never with no option for 'only when using the app'. This is regardless of functionality. For example, Stumbleupon or whisper and several other smaller apps that require location services only in demand. I don't want them tracking my location when I'm not using the app yet I have no option for this. All apps should be compelled to provide an option for ""only when I use the app

Sorry for the relative wall of text, once I got started I realised more and more issues I have. I could probably go on



Tl;dr 
Apps are sneaky and the iOS store should be set up better to weed out practices that lead to uninformed consumers and give app users more control
"
t3_1oca7z,post,0,0,0,0,0,train,"I have spent a lot of time recently studying music theory and composition, although I have no formal training in music, I feel like I can comment on this subject and help out the slightly less musically educated.

Simply put, writing melodies is completely and totally up to you and what you feel ""sounds right"".  Seriously.

Yes, there are things to know about how tones move (literally nothing more than measuring change in pitch between different notes), and changing the melody rhythmically, but when it comes down to it, IT'S UP TO YOU.

So don't let your lack of knowledge of music theory and composition stop you from doing the most important thing in all of making music; PRACTICE.  PRACTICE.  PRACTICE.  You are going to suck.  You're going to suck a bit more.  Then, you'll end up with something you like and be elated.  Then you'll suck some more.  Then things will start to click and make more sense.

**TL;DR:  Writing good melodies is up to your sense of how music should work.  So go out there and compose.**

Edit:  I should mention that I was talking only about writing melodies, NOT chords or any other compositional stuff."
cq6vpo9,comment,0,0,0,0,0,train,"Telstra doesn't provision the backhaul capacity for wholesale ports - they're wholesale access ports to the customers, *for the ISP's to connect the customer to their backhaul*.

what does dark fibre have to do with anything? it's just another method of delivering backhaul to a CVC/POI. 

as for point 3, again you're blaming the NBN for not provisioning bandwidth. They only provision what the ISP's ask or **don't ask** for. Yes, cost comes into it, but that cost factor has been an issue for every ISP since the start of DSL really. usually managed by magic numbers and contention ratio's that vary from ISP to ISP.

TLDR; you are completely wrong. we're basically upgrading the network from surface roads to highways, then introducing 10x the traffic and saying it's the highways that are going to be congested worse than anything else?

Yes, lets all get all that extra traffic and keep the bad roads too. that will work out well."
t3_2u4xni,post,0,0,0,0,0,train,"Hey Guys! I hope this is the right place for this, and that you can help me.

So I managed to get onto something known as the Young Endeavour program, which is awesome because it means I will be sailing from Rio to Cape Town and a Tall Ship. which is awesome.

However, I have never been to South America/Africa before and have no idea what I should do there. The more I research the more confused I get.

For South America, I like the idea of the Inca Trail, but I also want to see some of Brazil, but then I started thinking about Patagonia.  Given I only have 2-3 weeks available for this part, I clearly can't do all of it. I'll be there around October

And South Africa, I have absolutely no clue. I'll be there in December 2015 and only have 2 weeks.

TLDR: Recommendations for South America in October and South Africa in December"
c0rq8ig,comment,1,1,1,1,1,train,"&gt;The Quran is not saying people have brains in their hearts. The sceptics must take us for fools if they think people cannot see it is a figure of speech.

The problem with this reasoning here is that *people actually believed this at the time*. Were this not the case, or had any other word been used the author could have scored himself another point for so-called Qur'anic scientific accuracy, but surely Allah, being all knowing, wouldn't use a figure of speech that everyone at the time already assumed was literally true? That's the kind of faux pas that an all-knowing deity would not make. The fact that this 'error' isn't a one time affair puts doubt on this even being a single poor use of poetic license.

&gt;In any case, even if a book did claim homosexuality to be unnatural, there is no firm proof to disprove this ""unnatural"" claim; if the sceptics were intellectually honest they would have noted this.

If it were unnatural it wouldn't happen with other species. It does happen with them. Furthermore, to say that ""Will ye commit abomination such as no creature ever did before you?"" does not present homosexuality as unnatural (emphasis on ""no creature [does it]"") is hilariously fallacious.

Frankly, the author should have gone the ""did *before* you"" route, i.e., 'Homosexuality didn't exist until man started it. Presumably animals picked it up from us.' which, while disingenuous, cannot be proven false.

Author starts off badly, gets better at 'refuting' claims after some initial foibles, makes some pained attempts here and there, manages truly artful dodging elsewhere, and finds a few cases where the SAB was really grasping at straws.

**tl;dr:** The article can be best summed up as ""a mixed bag""."
ci49qgc,comment,0,0,0,0,0,train,"A lot of the theories here are slightly off.  Here is what Jearl Walker, author of The Flying Circus of Physics, has to say (p. 144-145):

&gt;When the *volume flow rate* (the amount of fluid flowing past a given point per second) is low, the gravitational force on the water tends to bring the water directly down the tilted plane.  The surface tension (due to mutual attraction of the water molecules) tends to decrease the surface area and acts like an elastic membrane, keeping the stream straight.  Along the first part of the stream, the gravitational force accelerates the stream.  As the water speed increases, the cross-sectional area of the stream decreases because, with the water moving faster, less area is needed to move the same amount of water per second.  However, as the speed increases, the drag on the water from the tilted plane increases until the drag matches the gravitational force.  Thereafter, the speed and the cross-sectional area no longer change.

&gt; When the volume flow rate is somewhat greater, the water movement can make the stream unstable by setting up different speeds across the stream.  This speed difference means that the shape of the stream is no longer symmetric: The surface tension on a more tightly curved side pulls inward harder than the surface tension on a less tightly curved side.

&gt;Suppose, by chance, a bend begins to develop in the stream.  The bend becomes pronounced only if the surface tension in the stream produces enough force to send the stream diagonally across the tilted plane.  Figure 2-42*b* shows an example: We see a cross section through part of a bend in the stream.  The left side of the stream is more tightly curved than the right side, so the surface tension produces a greater force on the left side.  That force is partially directed to the right, and the stream leaves the turn traveling along a diagonal to the right, which makes the bend pronounced.

&gt;When the volume flow rate is even greater, the onrush of water can defeat the surface tension tendencies.  The stream might overshoot a bend, thus moving the bend.  Or it might break apart along a diagonal, abandoning a bend as a new route is taken by the water; abandoned sections then slide down the tilted plane.

**TL;DR:** I have no fucking clue."
t3_3ic0y1,post,1,1,1,1,1,train,"Can someone who knows their stuff about microphones please lend me a hand into understanding my new Blue Yeti, please?

Basically, I plugged it into one of the USB jacks on my Mobo, and then ran the wire up to my desk where my Yeti is sat. 

Just to preface, I already know that the Yeti provides a constant feedback of yourself so you can hear any problems with your audio; it's synced up extremely well and really does not cause any problems at all. The quality of what I can hear coming from the Yeti in this feedback is fantastic, and sounds really good.

So, naturally I wanted to test out the quality of the mic, and I opened up Audacity. I started recording some tests and so-on, and the recordings when being played back, again sounded fantastic.

However, if I plug my headphones into the audio jack of either my case or my Mobo, the quality of the **Same** recording *(The one I took when my headphones were plugged into the Yeti, which sounded amazing)* takes a huge dive. I can hear all my computer fans in the background, there's a constant buzzing and the actual quality as a whole just sounds worse. 

I cannot get my head round how changing the playback device worsens the quality of something that has already been recorded! What the hell is going on here?

**TL;DR: Yeti sounds amazing in audacity when my headphones are plugged into it. When headphones are plugged into Mobo the recordings that I did when plugged into the Yeti, which all sounded great, go to shit and sound horrible.**


Thanks for any help you guys can give!

EDIT- Oh, and I don't know if it's worth mentioning or not, I am also suffering from interference I can hear coming through my mic whenever I move my mouse. I've tried getting the cables as far away from eachother as possible to no avail. I'll be buying a mic arm soon to (*hopefully*) fix this. In the meantime, any fixes/suggestions? Thanks!"
t3_1by21w,post,0,0,0,0,0,train,"Hey all  
I'm currently using a Samsung Galaxy Nexus and an iPhone 4, both on Verizon. The G'Nex is mine, the iPhone is supplied from work. I don't have the option to *not* have an iPhone, but I can get rid of my G'Nex. There's my dilemma.

If/When I do decide to do this switch, I'll port my old mobile number to GVoice and have it forward calls and texts to my iPhone for ease of getting everyone and everything to use my ""new number"". I'm glad I won't have to do that ever again.

I'm currently grandfathered in to the unlimited data plan on my G'Nex, and I use it extensively with GVoice, GTalk, EverNote, YouTube, FaceBook, G+, Reddit Sync, Chant (I know.. I know..), and various other apps. It's rooted and rom'ed running an ancient CyanogenMod nightly. Everything runs smooooooth as silk.

On my iPhone, however, things are not so smooth. Firstly, I can't find good GVoice, GTalk, or Chant replacements. Alien Blue seems to work just as well as Reddit Sync, though with a different UI, so that will only take a bit to get used to. Secondly, the phone *feels dated*. When in FaceBook, tap on a picture and it takes a few seconds to open the picture in full screen. Then it's finicky to close the picture and continue scrolling. Animated GIFs from Alien Blue take ages to download (which is normal on a 3G network), but then once they're downloaded they play like they're stop motion footage. It's also like this in Safari.

TL;DR: iPhone 4 seems slow as balls, is this normal? Looking to find some key apps from my Android on my iPhone 4."
c8fpi51,comment,0,0,0,0,0,train,"Just to lend an opinion of an electric car owner (Chevy Volt)

I am excited to see the Tesla in the news, regardless of of what kind of publicity it is. The fact is, it is an incredible piece of engineering, and I would love to have one soon. It would scare me a bit not to have the gas engine as a cushion, but I think a Volt is good training for a different way of driving. 

Yes, I am hobbled by the range...sometimes. Mostly just because I'd rather not use gas. In all honesty, the EPA estimates of 36-38 miles per charge are a lie (I generally get 44-45, and drive like an asshole)

Oh, and about people talking about how its not a financially smart thing to do... Not really true. I get massive discounts on my car insurance for having a volt, have free charging stations everywhere (Orlando) and hardly ever buy gas. All told, my payment (zero down originally) is 400ish, plus 110 for insurance, and virtually nothing for gas or electricity. I could get say, an impala for less per month, but I would have to buy gas, and pay normal insurance. Its a wash.

Second- to those citing infrastructure issues. A lot of you seem to assume this is going to happen overnight. Its not. Its going to be decades before we see this as a common societal thing. Second, the best thing about electricity, is the charging can be decentralized (ie, you can charge at home) an option we don't have with gasoline. 

tl;dr Sorry for the wall of text. Love the tesla, love my volt, its cheaper than you think, but still not cheap and infrastructure can be decentralized. "
c24gjpp,comment,1,1,1,1,1,train,"A few months ago I was on my way to an interview for a federal exchange program with Germany. As I stepped into the street to cross (with a walk signal) at Clark and Wacker, I was hit by a bicyclist. Since this was for an interview, I was also wearing a suit (my only one). Luckily, I wasn't knocked down or hurt, I only was pushed to my right a couple steps as I absorbed the impact. He, on the other hand, went to the ground. I like to think it's because I am a boss, but I assume he tried to avoid hitting me so much that he went down.

Either way, I turned around to see if he was OK (he was) and he just said ""I'm so sorry"" and replied ""shit dude...shit"" in a manner that expressed my surprise that he actually tried to run the light without slowing/checking for pedestrians, not to mention the shit ton of cars that were about to come from cross traffic.

I had somewhere to be and wasn't hurt (nor was my suit) so I just kept walking (never stopped really). Good news is the interview went well and I leave for Germany at the end of the month.

TL;DR Got hit by cyclist while I was crossing the street (with the walk signal). Nothing much else happened."
c7jenk9,comment,1,1,1,1,1,train,"Honestly, Jack Daniels (just black label, nothing fancy).  I go through it so fast and make decisions where I blow even more money (and/or get agressive) that it makes it a rare treat.  Also, I normally smell heavily of it so I need to drink it on weekends or vacations to avoid that.

My best friend and I bought a 1/2 gallon last time he was in town and the first night we were like, ""1/2 gallon and you get a flask? Fuck yeah!""  Next day I realized we drank through the whole  thing (mostly me) and had actually broken into my 1/2 gallon of vodka.  I was like, ""damn there goes  almost $50.""  I have a bottle of JD sitting in wait.  My friend is on leave and will be coming up in the next week. :)

That will be gone in 2 hours or so...  Luckily he's lost his tolerance from being in the Navy.  

TL;DR: Standard Jack Daniels, I go through it too fast."
cr5n3p0,comment,0,1,1,0,1,train,"I have a craigslist special contractor saw and I have a DWE7480 portable saw. If you have the space and you can find one with a decent fence, buy a used contractor saw.

Rust isn't a big deal - mine had lots of surface rust and some pitting, I just sanded it off. I filled the big pits with some Bondo but it's not a big deal.

A [T-square style fence]( is a must though; anything that locks at both the front and the back is more trouble than it's worth. My saw came with a [JetLock]( and it was more frustrating than anything else. A fence is what makes or breaks a saw; if you can't find one that includes a T-square style fence, expect to buy an aftermarket fence for somewhere between $200 and $300.

You're probably looking about another $100 to clean up your average craigslist contractor, between buying a new belt (and maybe pulleys), buying an aftermarket riving knife/splitter (like the MJ splitter), greasing/derusting, and a new blade.

If you don't have the space for a contractor saw or you actually need to take the saw with you, the DWE7480 (and probably the DW745) is widely regarded to be a pretty good saw with the absolute best fence on a portable. Other than being loud, I don't have any complaints about mine.

TL;DR: buy a contractor saw with a nice fence if you can, buy the DeWalt DWE7480/DW745 if you can't."
t3_1lj2mm,post,0,0,0,0,0,train,"Hello everyone, I hope you are all safe and sound at the time you're reading this post :)

I actually just had a question. From the general idea of the subreddit I realize it comprises of multiple women who were tortured and forced to perform the Muslim traditions with guarding the ""Parda"" such as wearing the Hijab and covering of the skin, not showing hair etc.  I wanted to know, if only by the teachings of Islam and you weren't forced. What would you have chosen?

Let me bring my family in all of this. I'm not perfect, no one is. Half my family actually follows the Religious behaviors with wearing the scarves and the Burqua to hide the body. While the other half would wear jeans and tees. Even as a man, I can see how hard it is for a lady to constantly hide away her beauty behind those ""gorgeous, black robes."" But as far as the teachings go in my understanding, it's something that makes the women be so precious that only her chosen one would be able to lay eyes on her. 

Now moving onto culture, some are violent and force it or they dishonor you. While others, not culturally biased, would allow the women to make a choice given her situation. In North America, I've seen both kinds. Pretty girls that cover up and go to school that way and other girls, Muslim girls, that don't cover up and wear jeans/dresses etc. However I've also seen preppy girls during school and when it's some religious gathering they are all covered up...I don't like that behavior, it's like they are cheating away at the purpose of actually covering it up.

Sorry for the rambling, I just wanted to understand the point of view of others, because to me, I believe the woman should have the right to choose what she would like to do. Whether, no covering or just a plain scarf, or the entire Hijab or even the full on Burqua.

**TL;DR - If you weren't forced to cover yourselves, would you still do it for faith or even then you wouldn't?**"
ccwiuva,comment,1,1,1,1,1,train,"&gt; Again, there were no more people working in 2012 than before the $7/day

They were created in 1997. Also, since you're pulling numbers out of your ass, I went ahead and looked at [this website]( I made [this graph]( You clearly see an increase in total number of workers, starting in 1998 for women. The difference between the total amount of women employed in 2011 is 250,000 higher than the trend in the early 1990 would suggest. 

I fully expect a ""your facts are wrong"" kind of answer, but at least I did my homeworks and looked at actual number, instead of staring at my asshole, eating whatever bullshit number it can give me.

TL;DR: You've been fact'ed."
t3_2md3kx,post,0,0,0,0,0,train,"I thought this would be the best place to post this. 
Valve wouldn't release half-Life 3 without knowing 100% sure it will lead up to expectations. They don't want something like Duke Nukem on their hands.
In order to deliver the experience that Valve wants, they need a rock solid platform to release it on.
The steam box.
My theory is that they are waiting fro the steam box to be in every home before they release HL3. Like I stated before, they want to do this so gamers can run HL3 as intended by the developer.
Once everyone has a steam box I feel like they are going to have some sort of promotion.
""If you own a Steam Box get HL3 25% off!"" Something along those lines.

tl;dr Valve is waiting to release hl3 until the steam box is readily available so the game will play as the developers intended so it will live up to the hype.
"
cdzk9g7,comment,0,0,0,0,0,train,"The way I see it, the Dynamo aren't the worst partner the NWSL could make. They are easily one of the best, second to Portland. They have a stadium, front office who had been grinding in Houston already. They can pool from the same pool of sponsors. According to Forbes the Dynamo are the 4th most profitable club in MLS. You can't tell me that there are 5 other clubs in the NWSL that are as stable as us. Assuming US Soccer allows one of the teams to fail, they still have the strong ownership group that is the Dynamo. And if the owners agreed to us, that means AEG is buying into the NWSL which means a much desired LA franchise owned by another MLS squad. 

Tldr you don't turn away a strong helping hand and partner"
c5pobf6,comment,1,1,1,1,1,train,"When I went through BCT was divided into phases:  Red, White, and Blue.  Red phase was the first two or three weeks, and basically signified getting smoked all of the time, having about thirty seconds to eat your meals, etc.  It DOES get better as you go along; by the end we were pretty much on our own, and rarely got smoked.  I personally got through without being singled out for a smoking, meaning the only ones I did were the ones for squad/platoon/etc. Which still came out to a lot.

Going into it with a positive mind is by far the most important thing.  You get out of it exactly what you put in.  The people I knew who went in with poor attitudes hated it, whereas guys like me who were trying to challenge and improve themselves did just fine.

Regarding the pushups:  Yeah, that was kind of extreme, but my whole workout plan/schedule at the time was very intense.  In Afghanistan my unit mostly left P.T. up to the individual soldier, and with a decent gym and heavy motivation most of us turned in to P.T. studs pretty quick.  The flip side is that as soon as we came back to the U.S. we were given a month of block leave, which we filled with pizza, beer, and movies!

tl;dr  the pain does suck, but there's nothing you can do about it, so if you tough it out for those few short weeks you'll find yourself in a great place!"
t3_y7d6t,post,0,0,0,0,0,train,"**Please upvote this post so everyone can join in.  I do not gain any karma.**  

Cleaning, our *favorite* topic!  One of those unfortunate parts of life, but somebody has to do it, and you might as well be frugal about it!  

Some topics to consider discussing:
 
* Product Recipes
* Cleaning Tips (newspaper for windows anyone?)
* Preventative Pest control 
* [DIY Laundry Soap](

Usually I recommend some related subreddits, but honestly can't think of any but /r/DIY. 

**Just in case of any newbies, the rules of the thread:**

Some people value time over money, and others money over time, both can be frugal. Please do not downvote just because you disagree. Please also remember the main rule of this sub, no commercial links! We've had too many issues with businesses trying to make our lovely community their personal ad machine, that we just don't allow it anymore. It keeps the spam at bay!

**TL;DR: Be nice, don't spam.**

Ready, set, GO!
"
c2eor7a,comment,1,1,1,1,1,train,"This is interesting because I wake up almost every night right after feeling like my blankets are being pulled off of me.

Then I wake up and find my wife IS stealing all my blankets.  Eventually I go to the living room and grab a new blanket and wake up to find she is stealing that one too.  I once got pissed at this and went to sleep on the couch, and I woke up to find my blanket gone and her sleeping with it.  I called her a psychopath and she said she only took it to try to get me to come back to bed.

TL;DR:  Your ghost is someone's dead wife.  Somewhere out there is a widower enjoying a cozy night's sleep for once."
t3_3rwybf,post,0,1,1,0,1,train,"The prophecy: 
&gt;""When the sun rises in the west and sets in the east,"" said Mirri Maz Duur. ""When the seas go dry and mountains blow in the wind like leaves. When your womb quickens again, and you bear a living child. Then he will return, and not before.""


The thing I noticed was actually not really relevant to the prophecy itself, but more to the point of why I think it probably won't come true.
I can't find the exact quote I'm thinking of, but I'm thinking of the passage in AGOT where Dany describes Mirri's ritual in the tent
&gt;""Only shadows,"" Ser Jorah husked, but Dany could hear the doubt in his voice. ""I saw, maegi. I saw you, alone, dancing with the shadows.""

&gt;""Inside the tent the shapes were dancing, circling the brazier and the bloody bath, dark against the sandsilk, and some did not look human.""


And then this is the song Patchface sings during the prologue to ACOK
&gt;He began to sing. ""The shadows come to dance, my lord, dance my lord, dance my lord,"" he sang, hopping from one foot to the other and back again. ""The shadows come to stay, my lord, stay my lord, stay my lord."" 


My point is that, since Patchface is known for foreshadowing the red wedding in one of his other songs, I think it's likely that the shadows that were dancing with Mirri in the tent are ""Staying"" with Dany, and will prevent her from bearing any living children.

**TL;DR**: According to Patchface, Dany will never bear a living child"
c7wruqj,comment,1,1,1,1,1,train,"Did you read the article? There was nothing against FEMA's rules providing aid to non-profits. 

*  Private nonprofits, however, are ineligible, **unless** they provide critical services such as fire and emergency, electricity, water, phone, sewer and wastewater treatment, and direct medical care.

* Private nonprofits that **deliver essential, ""government"" services to the general public may also be considered.** These include museums, educational institutions, zoos, custodial care facilities, libraries, alcohol and drug rehabilitation centers, battered spouse programs, homeless shelters, low-income housing, food programs for the needy, senior citizen centers, and daycare for special needs.

* He said that Ocean Grove received FEMA funds in the wake of the 1992 nor’easter, which did more damage to the boardwalk than Hurricane Sandy. He said it did not receive FEMA money for damage incurred in Hurricane Irene, in August 2011, because most of the destruction was to an area of the boardwalk that is leased to the Ocean Grove Fishing Club, a private organization.

So according to the article Ocean Grove qualifies for funding because they provide critical services to the neighboring community. The reason they did not receive funding for Irene is because the damage was restricted to a non-essential area of Ocean Grove.

**tl;dr: The rules have always been followed both by FEMA and Ocean Grove.**"
cj6npmd,comment,0,1,0,0,1,train,"Absolutely does not take away from your point at all.  I only posted it because it was kinda interesting, and I remember when it happened.  Jabari's dad was all in the news talking about how it didn't matter and how Jabari was better and whatnot.  Shabazz did the same thing re: Noel.  

I agree with your main thesis though, and if the Cavs made the trade I would be happy with it.  I would also be satisfied if we didn't because honestly, the way the offseason has gone I am thrilled with our roster as is and it's a little ridiculous to sit back and say, ""Damn, I wish we had Kevin Love"" at this point.  That's not really the point though.  More to your point, I wouldn't be upset if we didn't make the trade because it would be fun to watch and see what Wiggins did and watch him progress as a player; it is one of my favorite things to do.  

Make no mistake though, if you have to trade him to get Love, and Minny accepts the deal, you do it and don't look back.   I think a lot (most) Cavs fans know this.  The argument that I think has been occuring is CAN you get Love for Waiters, Bennett, and two firsts.  If you don't HAVE to give up Wiggins, you shouldn't.  However, at this point that argument is outdated as the Bulls reported offer easily trumps the Waiters/Bennett offer and possibly even trumps the Wiggins/Bennett/1st offer that is floating around out there.  Just depends on what the Wolves want to do.

TL;DR: You're right and I agree with you, I just thought the Wiggins/Parker thing was a cool aspect."
t3_2c0m3j,post,1,1,1,1,1,train,"Hello everyone, I'm on a business conference to Boston and I've been playing FFXIV faithfully on my PC at home in Colorado. I installed FFXIV on my laptop and confirmed that it works fine, however, now that I'm at the hotel and on their WiFi I am suddenly unable to connect. I know there is maintenance but I see the servers are still up and they shouldn't go down until 4am EST for me. I've also made sure to allow FFXIV through my windows firewall since I'm on a public network and made sure my AV isn't blocking the connection. I've searched online for answers to this issue but I've been stumped. Perhaps my fellow Redditers can help me out. 

Thanks for your time. 

TL;DR: Can't feed the addiction!! QQ"
t3_4r8hkd,post,1,1,1,1,1,train,"Build Help/Ready:

**What is your intended use for this build?** 
Easy enough, I'm a gamer and I'm about to be attending college. It's not so much for college as it is for my personal nerdy pleasure but, I'd like it to be optimal enough to avidly use any simple software or interface on the internet that my university throws at me. I play lots of games from League of Legends to CS:GO and even to single player games like Just Cause 3...or at least I'd like to if my PC wasn't so *shitty* =(. LoL isn't a very intensive game on my computer and I could normally run it at 60 fps easy with high graphics but while playing ranked here recently I had a few frame drops that honestly caused me to get killed and that was the end of nice graphics in any game for me. I'll tell you more about the build I have below shortly but here's some more pain that I've had to experience: Buying and not being able to enjoy GTAV, buying and hardly being able to play Battlefield 4 to it's fullest potential, buying and not being able to hardly run Tom Clancey's the Division. Just completely wasted money I could've put towards upgrading my rig perhaps but I've finally come to that realization and I'm seeking build help!

**If gaming, what kind of performance are you looking for?**
 At the bare minimum 60 fps.... 120 or more would be wonderful if that's an option for me but given a budget, this option is going to be limited. 



**What is your budget?**
*Yikes* I'm not even sure - this may have to be a post-requisite comment followup or something. If I had to make a guess right now I'd say $400 - $500. No more than $500, that'd really be breaking the bank...Really ideal would be about $200 or less dollars but, if necessary I'd really invest. 



**In what country are you purchasing your parts?** 
U S A   U S A   U S A   U S A   U S A  



**Post a draft of your potential build here**
Okay here's my build starting from -  
the **motherboard:** 
manufactured by MSI the model is MS-7721(couldn't find the box that it came in to specify more- sorry!)  
**Case:** Thermaltake VL8000 series V3 Black  
**PSU** EVGA 500E Bronze Power Supply  
**RAM** One 4gb stick from corsair and two 2gb sticks from RipJaws  
**GPU** AMD Radeon HD 7700 series  
**CPU** AMD Athlon(tm) X4 760K Quad Core Processor 3.8GHz  
I double checked myself several times I don't think there's anything I'm missing. If I am I'd be more than happy to have some followup responses to any possibly helpful comments. Thanks for the time you've put into me already by reading this and thanks for potential time you've taken to help me, you guys are awesome!  

TL;DR I built a crap computer and I'm wondering what needs tweaking on my rig. 
"
c3ii9p1,comment,0,0,0,0,0,train,"Yup. I belelieve the new log-posts also confirm New World is different than the Grand Line, in that it is a straight line with a certain destination (Raftel) at it's end. So re-visiting FI wouldnt mean that they'd have to go all the way back'  Most other strong pirates have been seen effortlessly traveling between NW and Grand Line (Shanks, Whitebeard for the War f.e) so at point point the Strawhats should aquire the means to do this, too. Also remember that the World Government capital is on the Red Line. So if there's going to be a big fight with them, they'd have to go back near FI anyway. 

TL;DR In the New World the crew won't just only go straight ahead like on the Grand Line, but revisit places. "
cqlmivu,comment,1,1,1,1,1,train,"&gt;In *Goblet*, and I'm paraphrasing mightily here because it's been a bit since I've read this one, they do that thing where the identical wand cores make Harry's folks appear which then distracts Voldemort, allowing him to escape. I don't *think* the wand core thing had really been set up prior, but I could be mistaken on that 


The fact their wands share a core is brought up a few times, and it might have been touched on in the weighing of the wands chapter (I haven't read Goblet in forever) but as I recall as a first time reader, it wasn't alluded to or hinted at alll.

&gt;Side note: Why does that thing with evil people who touch Harry dissolving because mom's gift never come up again in the series? *A lot* of evil people touch Harry in the books (phrasing)

The touching thing was a Voldemort specific thing and he never comes to into physical contact with Harry again until the fourth book in the graveyard after he'd been revived by using Harrys blood. Since he had Harrys blood, that magic doesn't work anymore and he can touch Harry all he wants. It was when he was in Quirells body and not corporeal it was a problem. I want to say the horocrux thing also plays in, but it was something that made sense in retrospect but I haven't read the books in a long time and I'm not sure I'm remembering correctly or if that was conjecture on my part. 


Tl:dr- Harry being painful is a Voldemort only thing and he learned quickly that it wouldn't work and circumvented it at next meeting... which happened to be at the end of the fourth book
"
c1srymm,comment,0,0,0,0,0,train,"You can study philosophy from anywhere, but what you need for that is time.  Perhaps you should concentrate on finding a way to make a living, then save and look for ways to make time for philosophy.  Find a job that makes use of your research, writing, and reasoning skills.

Jobs may be few and far between in many areas, but remember that you only need one (or at least one at a time).  This goes for professorship as well -- it will be competitive, but there will always be some jobs for philosophy professors.  So if you want to stay in school, go ahead and do so.  Keep in mind that experiencing a few things outside of a library could also help you develop your philosophy.

tl;dr: Do whatever you want."
c45y9hz,comment,0,0,0,0,0,train,"because everyone says Oprah is proof that big black women are accepted in our culture. 

Also re-read what you wrote: it seems a bit like a(n almost racist) stereotype to me. Not all black women are loud, and not all loud black women are intimidating. That seems like a broad generalization, unfounded in reality.

obese women, of whatever race, are generally stigmatized by women and men (regardless of race) as being: lazy, stupid, unattractive, and other negative qualities. Compared to a skinny woman (again, regardless of race), she is less likely to be: hired for a job, receive the same quality of health care, etc. etc.

tl;dr weightism in our country is institutionalized, and race matters less than you think. Read Naomi Wolf's the Beauty Myth. Then get back to me."
c3vi1mk,comment,0,0,0,0,0,train,"You said they could take all of Google's market share and not be worth 100 billion?  That's stupid by an valuation, as evidenced by the fact that Google is valued above 100 billion (and yes 95% of their money comes from advertising) and few people feel Google is drastically over valued).

More generally, Facebook only started trying to make money a few years ago (remember, no ads for the longest time?).  It takes time to develop and fine tune an advertising machine.  That being said, revenue and profits are roughly doubling every year.  Even if their profit this year is only 1 billion, a PE of 100 for a rapidly growing (financially, not user base) tech company is hardly unheard of.  See Amazon and (previously) Netflix for examples.  Google was similarly 'overvalued' when they went public.  Within a few years the PE will likely be about 25 with growth slowing to maybe 40% a year, still a PEG ratio well under 1 which is usually seen as undervalued.

You have to think longer term.  Most people believe Facebook has reached a size that will make them a more or less permanent fixture on the internet.  They are to social networking what Google is to search, what Amazon and Ebay are to shopping, and what Paypal is to payment.  Hell people hate ebay and Paypal, but they are not going anywhere.  I don't know about you but these days I barely even watch TV and spend more time online.  Advertisers are not blind to this trend.

If you compare to Apple, yes this valuation seems rich.  But frankly (and  I dislike Apple so this pains me to admit) Apple has performed shockingly well, and is actually undervalued.  

TL/DR: If revenue growth continues anything like it has, 100 billion will come with a low PE by tech industry standards within a year or two."
t3_xfo2x,post,1,1,1,1,1,train,"So. Prototype 2 has been released for Steam. Sadly, remembering the fun I had with the first one purchased it without first investigating. I screwed around with it for a few hours before starting the story, showing the missus how the game worked. At around 8 hours of wasted but enjoyable game play I progressed in order to unlock some new abilities.

What I soon discovered was that the third mission on this game is broken beyond all repair. I believe that the issue lies within setting goals/targets for the bonus part of the mission. In this case, the claw leap attack. 

I contacted Steam sales and requested a refund. Got told to talk to the developers. 

Responded again to inform the support that the game studio was closing, and that I didn't need support but rather a refund. No response for awhile, so I figured that I would get back on and re-try some of the fixes which are on the web. 

Got a message today explaining to me that because my game time was at or above 9 hours, I cannot refund the game, end of story. Despite the play time at the initial time of the ticket not adding up to 9 hours until I attempted to resolve it myself. 

TL;DR: Didn't want to pay 50 USD for a slightly larger demo. Can't refund because I tried to fix it because I didn't want to give up on the game."
t3_18oxwq,post,1,1,1,1,1,train,"I have my project of **""Rectrable Roof""** going on and after making all the truss and beam design in **Inventor 2012**, I was stuck on making a sheet like material in Inventor that would make the ""actual"" roof. A sheeting material that would be flexible like a bedsheet or something, for eg, the one they have used on the outer faces of Allianz Arena, Munich or the Water Cube, Beijing.

But after a thorough Googling and Redditing I came to know that there is **no (proper) way to make cloth-like parts in Inventor**, so I am moving to **Pro-E Wildfire 5.0** now. I have exported and imported the assembly while I was learning the basics in Pro-E but need to know whether I can solve my problem in this software or not.

**TL;DR** - How to create cloth/bedsheet like parts in Pro/Engineer Wildfire 5.0"
t3_kmtlb,post,1,1,1,1,1,train,"Applied to my dream job. Got a screening phone call from recruiter (woohoo), got phone interview with hiring manager (yay), then hiring manager wanted me to come by for an on site interview (really?!?!?! OMG!). A coordinator contacted me last night with following email:

Hi Derpette,
 
I’m working with Derp on getting your interview scheduled for the  Associate Marketing Manager position. I’m currently looking at dates later this week and within the next couple of weeks for the best date to have you meet the interview team. Please let me know what days and times work best for your calendar and I’ll get your schedule details coordinated.
 
Thank you!



I would really like to meet with them next week if possible. But would rather not jeopardize making a bad impression if it would be better to see them later this week. 

How do I respond to an open interview schedule????

Thanks Reddit!

tl;dr - applied to dream job, trying to schedule an interview"
c9nv2zc,comment,0,0,0,0,0,train,"War is absolutely a sin.  Sometimes, it is the lesser sin, but it must be acknowledged that it is an evil thing that is being done.  War's position as a sometimes-necessary evil puts us at a very tricky place with regards to forgiveness.  Must we demand they repent of their actions if they truly believed them necessary?

Speaking as a pacifist, I think we must ask those who were are currently on active duty to abstain from communion for the extent of their involvement.  After leaving active duty, they should continue to take communion, without being required to repent of their actions.  It's also imperative that we provide a structure for veterans to absolve themselves of any events in the process of a war that they do not feel morally acceptable about.  People make mistakes, and all of the PTSD and amphetamines aren't helping.  The church absolutely must be there for those who sin, even if they were sinning in context of a justified war.

**TL;DR: War is intrinsically evil.  We need to recognize that as a church.  But, sometimes it is the lesser evil, and we must not as a church condemn veterans for making a decision that they feel was morally justified.**

Now, this works from a really unrealistic expectation, namely, that Christian veterans or those currently on duty are serving in just wars.  The real question we need to ask is how we should treat those who wage unjust wars.  If I may be so bold, most soldiers in America have served in unjust wars, and quite frankly I have no idea how to approach that situation."
t3_3f9mm3,post,1,1,1,1,1,train,"I saw the the game theory today, and it sparked a theory of my own. First off, I disagree with mat pat about the entire game being a coma/dream occurring after the bite. As someone else mentioned in this sub, the IV/flowers/pills do not necessarily point to the child being in a coma/recovering. Second, after each night, it clearly states the time remaining until the ""party"" at which the child gets bitten, thus showing that each night is a nightmare leading up until then. That means that the child still had their frontal lobe intact during each night, so he still had the ability to have nightmares. However, the real take away is that Matt further proves that the bite of 87 victim is indeed the security guard in Fnaf 1, as only somebody with no frontal lobe, and thus no fear response, would return to a job where the animatronics are actively trying to kill him.

TLDR: Fnaf1 guard is fnaf4 kid, becuase only a maniac without a frontal lobe would return to that job."
t3_2fgm8i,post,1,1,1,1,1,train,"Hey guys, I had posted a couple months back regarding a new app I was working on. The application empowers smartphone users around the world to take pics/videos of newsworthy events around them and post on the app. We connect users to news and media agencies worldwide who want news content and other media to use in publications. So in essence you can become a freelance reporter for news companies with your smartphone.

The app also has a freelance job section where users can submit pictures to contests and jobs as well. 

I originally named it Pangify News but after trails and telling a lot of people, i found that people a) pronounced it wrong (pan-ga-fy vs pan-gee-fy) b) thought it wasn't catchy c) didn't provide a good enough first insight into the app and d) it was hard to remember. 

I have been researching TONS of names and have come up with some ideas:
* Pangea News
* Reportrr
* Cappy
* LivePress
* Paprazzi 
* Correspondent
* PicMarkt
* Camrazzi

I haven't really honed in on one but I would to know if any of these stand out to you. If or if not am also opened to suggestions. The theme of the app is professional but also want it to be fun. 

Tl;dr: Need new name for news reporting app, name has to be professional but cool and bonus would be a name that describes what the app is about

I'm really stuck and would love your help. 

Thanks guys"
cdxrxqq,comment,0,0,0,0,0,train,"No I think it's everyone that's actully tried coffee cherry. It's nothing to really write home about. Personly I've seen to much of it rotting to want to eat any large amount. Other problems are Coffee Berry Bore will live in the fruits Mesocarp (pulp) I would assume this would impact flavor if your trees are highly infected (I know it effects coffee's flavor). Then their's all the fungicide we put on the coffe to help it not die this leaves significant residue to keeps out said bore. Those don't effect the bean to much so most farmers see no need I saving the skin and the pulp currently. Personly I see a lot of waste occurring in the pulping phase. Most skin and pulp is taken to the dump because it's seen as hazard and highly infected with bore. 

That's not to stop some motivated hippie to sell Whole Foods a coffee cherry ""health"" drink and make a million bucks off it. I'm just not going to waste my time or money with it.

Source: Pulped my fair of cherry on a coffee farm.

TL;DR coffee cherry is kinda gross in my opinion."
cerm6y4,comment,0,0,0,0,0,train,"I don't think I'm cut out for niches. Mostly because the niches that I know of are already filled with more professional/better channels. I usually just upload what I'm playing, mainly because I don't actually have a viewer base yet, just a handful of views so taking requests isn't really an option for me. 

As others have undoubtedly said already, it boils down to what kind of entertainer you want to be, if you want to challenge the niches, finding the sweet spot that a small handful of people will like/understand that's fine, there is the possibility that said niche may even explode and you're the first there, reaping the rewards. If it doesn't take off as to what you expected, well, that's expected.

TL;DR Follow your heart and make videos on stuff that entertains you, something that you can beam across to the viewer, I'll like to forever think that making YouTube videos is something that I enjoy and can hopefully send to the people watching me :). "
cjv33xl,comment,0,0,0,0,0,train,"Careful—a hypothesis being ""null"" doesn't mean it's the most common position. It means it's an *evidentiary* default. The ""null hypothesis"" is always the one that answers the following question: What should you believe if you have no evidence at all, either way? It has nothing to do with what any present or past people have believed.

With particular respect to existential claims, the balance is not equal as between positive and negative claims. ""X does not exist"" is always going to be the evidentiary null position as against ""X exists."" It doesn't matter who is making the argument or what ""X"" is—here, theism is the positive existential claim and thus bears the burden of proof. 

It has to be this way. This is the point of Russell's Teapot and the Invisible Pink Unicorn and the Flying Spaghetti Monster and whatever other iteration you want to look at. If you have no evidence that there *is* a teapot, and I have no evidence that there's *not* a teapot, what should we believe? 

Clearly we shouldn't believe every existential claim by default unless disproven, because then you'd be obligated to accept basically every conceivable unfalsifiable proposition. This might work for the guy claiming the invisible dragon in his garage is about to incinerate your grandmother's nursing home unless you give him money, but it'd be really problematic to live your life by tentatively accepting positive existential claims without requiring some degree of evidence first. The converse is decidedly not true, because things that exist tend to leave evidence of themselves. For this reason, any time there's no evidence that something exists, the proponents of its existence have an uphill battle ahead of them. The lack of evidence itself—in either direction—is itself evidence in favor of the negative existential claim. It's not *proof*, but it doesn't need to be.

Should we be agnostic, then? Well, not exactly—at least not in the sense of saying each possibility is equally probable. We may not *know* in the sense of 100% certainty that there is no celestial teapot, but the appropriate response is: ""Well, I don't believe that exists because I have no reason to think it does, but I'm open to evidence should any ever be discovered."" Tentatively, however, we just go with nonbelief as the default position.

TL;DR: The ""null"" position is the one you should accept in the absence of evidence either way—*not* whatever position it turns out that most people have, in fact, accepted. This approach would improperly conflate the concept of a null hypothesis with the fallacy of appealing to popularity. In practice, the null position tends to be the position for which the absence of evidence is expected. With respect to existential claims, the ""null"" position is always going to be that X does not exist because things that exist tend to leave evidence of themselves, all else being equal.
"
t3_qias6,post,1,1,1,1,1,train,"Howdy!  I just adopted (on Friday) an 18-month-old female border collie from the SPCA.  All I know about her past is that she was picked up as a stray by animal control and then transferred to them.  She had a completely clean bill of health, other than needing to be spayed, which happened about four days ago.

She is very sweet but seems to be incredibly freaked out, and to be honest, so am I.  I have some books/DVDs, but there's so much different material out there and so many things to work on, and I'm not sure where to start or how much is too little or too much.  I would very much appreciate any guidance from experienced dog owners.

Here's a bit of what she's up to and what I've been trying so far:

**Separation anxiety** - ...like you wouldn't believe.  She'll watch me move around the room, and even when she's comfortable, she'll come and peek to see where I am if I leave her field of vision for more than a split second.  She whined/barked the first few times I ducked out (the only time I've heard her do that) and I get tail-wagging when I come back in.

On the flip side, assuming she's gotten some exercise, she is totally fine curled up in a crate (even if I close/lock the door) as long as it's near me. 

**Leash walking** - She seems to love walking (and running), and will stay approximately with me, but usually prefers a slow jog to a walk, and will repeatedly run out to the end of whatever leash I've given her, stop, and look at me until there's slack before going again.  (She also tries to bolt through doors ahead of me.)

**Other dogs** - generally not a fan.  She'll walk right past them, or look from a distance, but if they start seeming interested in her, she'll stare and growl.  She's lunged once or twice.  Usually I try distracting her by getting her to look at me and then petting her once she stops growling, and we leave the area before too long.  (Her reaction is fearful, not aggressive for the sake of being aggressive.)

**Elevators** - No bueno, but then, neither are staircases (the metal apartment building or office building kind).  Have been trying cooked chicken breast bits to lure her in, which has actually worked pretty well.  Without, she will see the doors opening and either back away or refuse to put paws inside.

**TL;DR / Questions**

* How many treats is too many?  I feel like I'm feeding her constantly because she's scared of everything.
* What should I start with?  (Leash manners?  Door manners?  Other dogs?  Sit/down?  All of it?)
* If I try leaving her in the crate when I step out too soon, am I likely to screw myself (by forming a negative connection for her)?

Thanks in advance (and sorry for the wall of text)!"
cf9d6jp,comment,0,1,0,1,0,train,"Wife and four kids are sick of being dirt poor, living in tiny apartments, barely getting by and making less than half of what I was making during my PhD than at my engineering job before, and now about 50% of what I could be making in industry while a postdoc. Our minivan has ~190,000 miles on it (Ford should give me a new free van for performing the miracle of getting a mid-90's Windstar to last this long) and my car just hit 208,000 miles. On top of that, we are behind the 8 ball on paying down student loans (though in interest free deferment right now), saving for kids college, and saving for our own retirement.

My wife has been so very supportive of me going back to school to get to do what I love. Even if I don't get a faculty job (which has been the goal since about halfway through my first year back to grad school), I will be able to do interesting robotics research the rest of my life somewhere. My postdoc funding source grant is done at the end of June and I have decided that I won't pursue another postdoc somewhere else to put my wife and kids through another 2 years of this. I want to be able to afford sports leagues, piano lessons, swimming lessons, etc. for kids because they have sacrificed so much for me. I don't want my wife to worry every time she starts the car that she is going to get stranded somewhere and have to call me.

tl;dr - Last chance because I choose not to do another postdoc. Worries about finances are part of the issue also."
c5hdunh,comment,1,1,1,1,1,train,"Also, this made me remember something that happened to me a few years back. I got off a long day at work at around 11pm and, still wearing a suit, drove to the nearest Safeway to grab some quick eats for dinner. I was walking around the store looking for something tasty when I heard the distinct sound of a double bass somewhere in the distance. I tracked the sound down to the soda aisle. Apparently I was the only one in the store and the stockers had decided to blast some music while they worked through the night. I walked into the aisle and they immediately killed the music and started apologizing. I told them that it was all good, to crank it up, and that I was just curious what band it was, because they were incredible.

And that, boys and girls, is how I discovered Between the Buried and Me.

TL;DR: Long day at work leads to long lasting love of BTB&amp;M"
couvq6i,comment,0,1,0,0,1,train,"But shouldn't we look at the motives behind his *""tough decisions""*. Closing the schools because they're ""underutilized"" sounds good on paper, but what's the difference if the city is just shifting the money over to fund charter schools? Is the difference that charter schools are better for businessmen who are friends of rahm? (Google how Nobel street charter made millions from charging students for breaking disciplinary rules). I've researched the closings and they closed public schools with  similar  enrollment rates and test scores as private/charter schools in the exact same communities, so what was the real reason to prioritize charter schools over public school? I'll give you a few hints, charter school teachers don't have unions, charter schools don't have to disclose information about how they use their funds,etc. 



CPS officials boast that the closures have already saved $42, however, fiscal year 2015 will include a budget **reduction of $50 million in operating costs for Chicago public schools**, along with an **increase of $62 million in charter-school funding.** [source:chicago tribune]( I have more graphs and data on this if anyone is interested. 




*Tl:dr: rahm didn't close the schools because they were underutilized he closed them to privatize education and undermine the chicago teachers union with no regard for how he effected the students (88% of the students affected by the closings were African American and 94% are from low income families).*"
caco0ki,comment,1,1,1,1,1,train,"are they salted or flavored? flavorings (which are chemically salts) and salts including SOY SAUCE will obviously have a water retention effect. the way i know you're retaining water from them is that you're gaining, losing the same 1/2 pound :\
  
but let's consider a food intolerance for a moment: almonds are seeds and as such, they aren't technically in the same allergenic category as tree nuts and peanuts (which are legumes) BUT if you have an unknown INTOLERANCE to them (which has an igG marker and is less tested for) as opposed to a full blown allergy (which has an igE marker) then one of the markers of that intolerance can be water-retention (which can be caused by the under-the-radar metabolic stresses of food intolerances).   
   
here's an example of the kind of research paper you can find about the link between inflammation and obesity: [The inflammatory syndrome: the role of adipose tissue cytokines in metabolic disorders linked to obesity]( Jack Challem's [ The Inflammation Syndrome]( is more of a mass market resource out there.   
   
on a more personal note, what convinced me that I had to shift all my eating to minimize the consequences of food intolerances (which i have had medically documented with tests and elimination diets) was that i was recently diagnosed as ADHD. i am dyslexic and i was diagnosed dyslexic at a very early age, back in the 70s when it was assumed you could ""unlearn"" dyslexia and grow out of it. and back in the day there was little to no  understanding of how as a neurobiological dysfunction, it's part of a neurobiological spectrum and as such it can have comorbities with depression or ADHD (which at the time i don't even think was in the radar of pediatricians and educators).   
  
so in my quest to understand how medication may help me, i stumbled upon [Charles Parker]( site and then bought his book [New ADHD Medication Rules]( he has a whole section of the importance of understanding the impact of allergies (igE) and food intolerances (igG) in the absorption of medications and the subsequent success of ADHD treatment.  
  
i started keto in July of last year and had lost by November 30 pounds. i was looking slimmer but i still had that puffy/swollen look i noticed i was starting to have 6-7 years ago when a lot of my health issues and weight gain sneaked up on me. by early December though, i was diagnosed ADHD and we started the medication trial period. by February-March, i had lost another 30 pounds by eliminating my food intolerances and had found the right Rx for my treatment. and all the puffiness is gone; including a rosacea that sneaked up on me the past couple of years. 
  
to say it's been life altering, is to put it mildly.  
  
**TL;DR** i recommend you start researching INFLAMMATION SYNDROME and looking into your medical history for cues of potential food intolerances that are triggering the water weight gain. 

(edited because !clarity)"
c97c3ec,comment,0,0,0,0,0,train,"Not exactly a vacation, but from ages 14-17 my brothers and I would stay with my dad every July as part of a custody agreement. As much as I love my dad, the whole set up was pretty horrible for me. It was me, my three brothers, dad, and stepmom all crammed in a 2 bedroom apartment for a month, which meant absolutely no privacy. 

Also, my dad was pretty overbearing, always wanting to know what I was doing on the computer, who I was talking to on the phone, and just micromanaging everything I did. He would also get offended when I tried to be alone in my room, or go out on my own, even though I would do that at my mum's.  

But what ticked me off the most was that I had absolutely no say in my schedule. I would be given 5 minutes notice that we were going somewhere. I didn't have a choice in the matter. I don't know if I am alone in this, but I NEED time to mentally prepare myself before doing things. I also cannot stand being forced to do anything, you must ask. I know I wasn't an adult at the time, but still.

TL;DR: Every July from 14-17 y/o I was surrounded by family, had no privacy, and had no say over my schedule."
c9dhbw5,comment,0,0,0,0,0,train,"Honestly, we've barely had any requests for the hidden menu items so they normally don't come to mind. If I had to pick of the few, I'd say the chicken hummus bowl or steak lettuce wrap. I don't personally like our chicken, and didn't enjoy our hummus until a few months ago, but I do now and it would sell it for me. All of our meats skeeve me out considering I've just recently began eating meat again, but the steak smells good when cooked on the panini press. Though it would be cold, I think the steak is most worth it out of the meats.

TLDR; Chicken hummus bowl or steak lettuce wrap."
c9rjtzp,comment,1,1,1,1,1,train,"Recently our GM got creative and decided to screw a toilet brush onto the end of a broom stick. Im still not entirely sure what its purpose is but he is pretty chuffed with himself. Anyway... this toilet brush has one side with no bristles on it so it sort of (with a lot of imagination) looks like a mullet haircut so obviously we drew the GMs face on it (again, the face requires a lot of imagination to see the resemblance) and have named it 'the greg' and keep it at the door. Now every time the GM tries to come into the kitchen one of the boys grabs the greg and goes all gandalf, roaring 'you shall not pass' and slaming the greg to the floor, then staring him down till he turns around and walks away. Thankfully he has a good sense of humour and finds this as funny as we do. We laugh untill we cry every damn time. 

Tl; dr: co worker goes all gandalf on the boss. "
c60ltnd,comment,1,1,1,1,1,train,"If you are just going to BC then I'd say early summer. The June/July area.  If you are going to Vancouver Island in BC then its all good.  Lower island we get almost no snow (we do get a little though).  It does rain a lot in the autumn though but the colors are lovely and the smell in the air is unbeatable.  Summer is great too!  It can get a little hot but if you are from somewhere warm it wont be an issue.  I was complaining this summer (as was everyone else here) about it being 30 degrees and then I was talking to someone who was telling me that where are it was cool and it was like 37 degrees!  

But yeah, TL;DR I'd say the June/July time if possible.  July is my favorite.  And Autumn is gorgeous color wise and smell wise.  Not as great for hiking though.  Slippery and damp and cold in higher elevations."
cdrik4y,comment,0,1,0,0,1,train,"I think you have a point.  That said, I'm willing to suspend my disbelief because I've had this pointed out to me with movies before: it isn't whether it makes sense to you.  It's whether it makes sense to the character and how they think.

It's a post apocalyptic world where civilization is gone.  There is no order or morality, only survival. There is a saying: ""It is better to be at the right hand of the devil than in his path.""  So at the moment, you can be sure that the Governor is a psychopath.  But *he's on your side* and he's willing to do the horrible things that might save you.  And you've gone too far because you are quite literally at the gates.

This is the scary thing about mob mentality because you know you're questioning him but how many other people in your group *are actually ok with his actions?*  

Let's say you're the girl who stood down and you've got brass balls the size of tangerines.  You think this is morally wrong and even though he's *on your side* he's obviously a monster and should be stopped.  Even if it's poor strategy for your own survival, you can't live like that.  So you take the shot at him.  You either a) make it or b) miss it.  If you make it, you either have killed him or wounded him.  

If you've killed him, it might give the group pause.  But how can you be sure *there's not a single other person ready to take the mantle*?  There were a lot of morally grey people in the group. If you think it's stupid that one or two forceful people would gather most of a group and rally them to commit murder for personal gain rather than set their egos aside and negotiate well then hey, *welcome to why war sucks*.  Regardless, you're already in a firefight.  Hershel has been killed and now you are a ""bad guy"".  Now Rick's group wants your group dead by association and is very emotionally riled up. The best you can hope for is to do what the girl did and refuse to fire, clearing your conscience.  But it doesn't do much good.  Likely you HAVE to keep fighting unless you have a VERY minor chance to defect.

If you hit the Governor but only wound him, or you miss and someone sees it then you're fucked, guaranteed.  If you come at the king, you'd best not miss.  This man decapitated someone.  No one is gonna fuck with him.  He's friends with the man who is in the tank.  

Tl;Dr- I can suspend my disbelief by giving the governor credit for his charisma and intimidating nature (and being friends with the tank guy).  I'll concede that it's sketchy that he shows up, all of the leadership goes missing, and he gets elected.  But as far as this particular episode I think it played out brilliantly."
t3_s6ux9,post,0,1,1,0,1,train,"So, I'll be graduating with a BS in ME next month and have a job lined up at a company where I interned last summer.  I accepted the offer because I want to have work guaranteed after I'm finished with school, but its a job that I really, REALLY don't want.  The more I think about it the less I want to work there.  I plan on looking for work elsewhere in the very near future, but am in a bit of a predicament.  The only relevant work experience I have is from my internship from my ""current"" employer.  Could including this on my resume result in a withdrawal of my current offer if they are contacted by other companies interested in me? What would be the best way to go about finding another job without losing my current offer? (In my mind, if another employer called my current one asking about me, red flags would be raised...)

Thanks Reddit!

TL;DR - Have a job, want a different job, how do I seek one without losing my current offer?"
cbqjgzh,comment,0,0,0,0,0,train,"If you like ruroken, you might also like Peacemaker Kurogane, Trigun, Samurai 7, and Samurai Champloo.  Those are kind of old school now (can't believe I just said that) but awesome nonetheless. Gintama is another good one.

IF YOU HAVEN'T SEEN THE LIVE ACTION RUROUNI KENSHIN, GET ON THAT.

Also Cowboy Bebop.  Everyone has to see that one.

Some newer stuff you might like is Blue Exorcist (DEMONS IN THE VATICAN??), Attack on Titan and Tiger &amp; Bunny.

For more sacrilege (lol) maybe Witch Hunter Robin or Trinity Blood.

Depending on your personal tastes, Panty and Garterbelt with Stocking is hysterical.  Or offensive.  Either way, it's a win.

For some more adult tastes (NOT THAT KIND OF TASTE) try Blade of the Immortal, Berserk, Hellsing, or Ninja Scroll.  

Not having much idea what kind of things interest you (or what you've already seen), it's kind of hard to make recommendations.  I'd go to Crunchyroll and check out their 'popular' series for starters.

TL;DR - I DON'T UNDERSTAND WHAT IS THIS ""ANIME"" OF WHICH YOU SPEAK???

edit:  CAN'T BELIEVE I FORGOT GHOST IN THE SHELL.  WRYYY."
ccso8hp,comment,1,1,1,1,1,train,"Sounds awesome. I just recently moved into a small 3 room house in the countryside after living in downtown metropolis for 23 years.

Despite being a social person, the seclusion and low budget lifestyle has been truly theraputic for both my body and mind.

I have been able to focus on myself and the things that make me happy. My stress levels have all but vanished. The only downside in this internet age is seeing all the things I still yearn to do right in front of my face. I love to travel and explore new things.

My solution was a Couch Surfing Cruise through Europe. Minus my expenses to fly to Britain, I left America with 20 bucks in my pocket. Each person I stayed with charged me nothing, and most were even willing to pay me to do some chores around the house. I met alot of great people and had the time of my life.

My point is, before you settle down and begin living a stress free life, make sure you have no regrets and no unfulfilled experiences. I can now happily reflect on the past, live in the moment in the present, and welcome the future with open stress free arms.

Tl;dr Before you settle in a van down by the river, make sure you've seen the rest of the river"
c73aazn,comment,1,1,1,1,1,train,"I would have loved to see it more gritty with more drama. Show how discipline starts to break down, how the Marquee are still sullying keeping to the side plotting. Create an element of tension between Janeway and Chakotay that Janeway knows the second she weakens Chakotay will assume command at phaser point. Have the ship gradually break down more and more as without maintenance stops and under constant attack the systems weaken. Zoom-in on Harry Kim the naive open faced new ensign worrying that the ship is going to descend into a full pirate vessel at any time. Tom? Tom is an ex-con tom is just inching for the chance to start robbing.

TL:DR: make the show more like Battlestar Glattaca."
t3_4f0q3c,post,1,1,1,1,1,train,"I've started working as a Kitchen Steward at an art museum in the city a few days ago; The work is tough and often long, but the co-workers are very friendly and my employer's a really cool guy. Although it did bother me at first that the job wasn't in my field of desired work, I understand that for right now it's a source of income and that I can keep looking for work while I still have this job. For a while, everything was fine up until today. Pretty much what happened was that I left my iPod in my work locker, and when I came back to get it, the only thing that was left were the headphones. I'm angry about this, but I'm tired and I don't want to go around pointing fingers at people whom may or may not have taken it. I decided to give a report to the museum's security team (nice people by the way) about what happen, and told them that I would search my apartment to make sure I didn't just misplaced it. Came back home around 1:00am and no iPod found. I'm going to tell my manager tomorrow about what happened, but it just bothers me to know that someone would do this, especially at the workplace. I'm just hoping I could get my iPod back, but I know that is far likely to happen.

TL:DR- Someone stole my iPod at work, and now I'm sad."
c7ct2c6,comment,0,0,0,0,0,train,"Ok, a few more questions that would help troubleshoot.

1. Has the service EVER worked at the advertised speeds? In other words, is this a new development?

2. Have you ever used any other similar service and gotten better speeds?

I ask because it appears Centruylink is a DSL provider.  As with any network, it's reliant on the cables it utilizes.  Old houses= old cables.  And new houses often= cheap cables.  So I would firstly address that concern.  Your internal network may indeed be working fine, but if  the wires it rides to get to the outside world are shotty, you're going to have a bad time.  DSL installs tend to be more prone to this.  Plus, as with any DSL provider, your actual distance from the local switch is a big deal -one not really taken into consideration when looking at their website for advertised speeds.  This again goes back to consumer level internet and lack of a real SA.  

TL;DR - The issue may not be directly be the fault of your ISP. More info/testing needed.
"
t3_3e2umd,post,1,1,1,1,1,train,"I moved into my apartment in California a little over a year and a half ago, not thinking to see if the place had air conditioning. Well, I quickly found out that it didn't and that my room would get hot as shit unless I had the blinds open for air flow. 

So why not just open the blinds?

Because I sleep in the buff when it's really hot and more importantly, my neighbors window is directly across from mine. I didnt want to get on any list so I ended up buying one of those cheap tapestries off of amazon to use as a blind that would still let air/some light through but provided cover. I put it up and thought it looked great and just as I had hoped, I wasn't able to see through it. I figured the opposite was true so I opened the blinds and was greeted with a nice warm breeze and haven't adjusted closed the blinds since. 

Fast forward to 5 minutes ago when I'm coming home and I realized that I left the light on which I'm usually 100% on. After looking up I realize the tapestry is actually semi-transparent and that got me started on  thinking about how I needed more stuff for my wall since it was pretty plain. 

Then it fucking hit me. Anyone could see me up there, especially my neighbor. Granted, it was a bit blurred, but not anywhere near enough to make me comfortable. 

TLDR: My neighbor probably knows more about my sex life than I do."
c4i95f5,comment,1,1,1,1,1,train," My house was built in 2002 and we're the first owners, so it was strange when these occurrences started happening.
  
I was about 11 and I was sleeping in the living room. (as most children that I know didn't like sleeping in their rooms.) I had woken up,'round 3:30, from the smaller couch, across the room and parallel to the larger sofa. I saw that the larger sofa was having its own mini-earthquake, shaking violently and not stopping anytime soon. I figured I was having a weird spout of sleep walking. I was known to sleep walk regularly and do and say some strange things (i.e. peeing in sinks, trying to turn off non-existent appliances... etc.) So to make sure it wasn't really happening, I went over and put my hand on it and it stopped. A little weird, but no biggie I was just feeling like a crazy person.
 
Fast forward a few weeks, and I was having a sleep over. (my best friend, our chinky friend and I) We went to bed about 2:00am, Tyler (best friend) on the large couch, Matt (chinky) on the arm chair, and I on the small sofa. I woke up to Tyler freaking out, shaking me around. he was telling me how he woke up and felt a lot of pressure on his feet, like someone sitting on them, and poking him. After he said that; we looked over and saw the sofa having its earthquake/spaz attack again. 

We were freaked out so we woke up Matt and my older brother to make sure we both weren't having a weird joint-dream. They both saw it, so we spent the rest of the night huddling on the other side of the room waiting to see if it would happen again. It didn't shake again but Matt and Tyler were certain they saw some mist figure show up where Tyler had his feet earlier.
 
Not scary. but a little creepy for me. It was the last time that ever happened.

tl;dr spastic sofa earthquake."
t3_4t9z56,post,0,0,0,0,0,train,"**Let's bring back Blueprints but integrate them into the new XP system**

I think I have a solution to all of the complaints regarding the XP system, I for one think its a step in the right direction but has a few inherent flaws. To make up for these flaws, I propose we bring back research tables and blueprints. Blueprints would cost XP to learn and would have no level requirement, this would let you get stuff early and function very much like the old system. You can choose between waiting for the appropriate level to learn something or using the research table in an effort to learn it earlier.

**Example**:

Say you have 'Gun X' and it requires 'Level 25' and has an XP cost of 50 but you are only level 10, to research it early, simply put the item on the research table it will show the XP cost that it normally has and you can hit 'research', if it succeeds your XP will be removed and the tech will be learned as if you had learned it normally by being the correct level. If it fails the item could break but your XP would not be penalized. Perhaps this could even create a Blueprint like before and you'd have to 'activate' this blueprint to consume the XP and learn the tech, this way you could trade and make blueprints for people.


This should balance out players who don't have time to grind XP but still wish to remain competitive. Originally the XP system was introduced because blueprints were too RNG and grinding them wasn't fun, this brings about the best of both worlds.

**TL;DR:** Why not both?"
t3_3ef5sn,post,0,1,1,0,1,train,"I'd like to write a book, but am stuck on how I write in first person. My character is fairly stupid, as in he isn't *that* good at school, but do I make this evident in how my book is written? I know that in first person thoughts and descriptions of surrounding events are interconnected.

How I'd write a paragraph:

""As soon as I fell, the first thing I noticed was the sky that was above me. I lay staring at it, and how much it reminded me of home. It was that sort of orange that you would see at twilight, with hints of pink and red unevenly spread out""

How my character would think/write:

""After falling, the first thing I noticed about this world was the sky. It was orange, that orange you'd see in a sunset. Hints of pink though, and red. But mostly orange. Not that that really mattered though, cause I was finally out of that place.""

Also, should I dumb down my writing (ie use simple english words and sentences) or write how I usually write? Or a mix

For reference: [simple english wikipedia]( [normal wikipedia](

**TL;DR:** How do I write in first person when my character is stupid?"
t3_10vpr8,post,1,1,1,1,1,train,"I figured this would be a good place to see if anybody had any detailed knowledge on the subject. Like the title says, I was chewed out for ""not owning a mandatory piece of a uniform"" today by my Squadron Superintendent. The piece in question is the zip-up Air Force PT jacket. Myself and several others were given about six hours notice that we would be participating in an ""NCO Run"" on the post where we work (And I would like to add, I am not even an NCO) This is an Army base so we usually don't participate in a lot of their morale type events but early today we received notification that we were required to attend this run later in the afternoon. 

The e-mail notifying us of this event specified that the AF personnel in attendance were to wear the PT shorts, PT Jacket, and a reflector belt. About one year ago, I ripped one of the sleeves of my PT jacket pretty badly but I never bothered to replace it because I also own a PT sweater (the grey one) that was purchased no more than two years ago and I use (and prefer) when it is cold enough to merit wearing it. Our section was absolutely slammed all day, the kind of day where I take 10 minutes to wolf down some food before returning to work, and at no point would I have had anywhere near enough time to go out and purchase a jacket just for this run. In my section, we are required to always have a set of PT gear in our locker, in the event that they call an unexpected mandatory PT session for that day so I do keep all the items that I could ever need on hand: running shoes/socks, a pair of AF PT shorts and pants, shirt, sweater, reflective belt, and watch cap.

When I showed up at the run, I was literally berated for ""not owning a piece of a uniform"" and now my supervisor was saying that the superintendent is pressuring him into giving me paperwork.

Please tell me that I'm not crazy for thinking there is in no way some kind of regulation that states owning the PT jacket is mandatory and that being tasked to show up to an event with the circumstances I described above is something I could get paperwork over? Anybody else ever been through anything like this?

**TL;DR** I have always used the grey AF PT sweater instead of the jacket for PT when it's cold outside because I no longer own the jacket and I got my ass chewed for it today. What reg. states it's mandatory to own the jacket?

**Edit:** So SilentD cleared it up and it appears I am in the wrong. It sucks to be wrong and looks like I'll be buying a damn PT jacket but I appreciate everyone's input."
cqphp1f,comment,1,1,1,1,1,train,"Many years ago I verified this experimentally. My friends were doing nitrous oxide, which (as far as I knew) could not be metabolized to CO2. So I breathed all the way out, then all the way in, and held my breath. In retrospect, Helium would have been a better choice, obviously. And unfortunately I didn't time it. 

But in any case, I felt no need to breathe. My whole body went numb, and at some point I was seeing spots, and I idly thought, ""Hmm, spots, I think I'm losing consciousness. Must be time to breathe.""

I performed a confirmation test with dry ice. I put it in a large sink, waited for the gas cloud to fill the sink, then breathed all the way out, lowered my face into the sink, and tried to breathe in. I say ""tried"" because instantly my whole body was on fire and I coughed out everything in my lungs explosively.

tl;dr: I personally confirmed that the build-up of CO2 causes the need to breathe response."
cdubmb4,comment,0,0,0,0,0,train,"Actually, you're looking at it all wrong, BNW actually made domination quite easy.  I was planning on making a post on it, but I'll try it out here  

Essentially all you need to do is liberate cities.  Seriously.  Right now I'm in a game as Shaka where I've taken over half the map (10+ cities), but I always try to liberate one city each time I go to war.  The early game was a bit rough, but at this point I'm friends with 4/6 AI's  

What you want to do is bribe civs into a lot of wars, basically the more turmoil, strife and distrust the AI's have for each other, the better it is for you.  

One of my favorite tactics to to bribe a powerful civ into attacking a weak civ.  Don't worry about the cost of the bribe too much.  I usually try to wait until they take a city from the weaker civ, but if you can't it's no biggie.  DOW the powerful civ (and denounce them if you have friends/allies anywhere), and liberate / defend the weaker civ.  Generally, the other AI's don't take too kindly to a powerful civ beating up on weaker ones (they kinda see themselves here), so they'll usually line up to denounce / DOW the powerful civ once you start winning the war.  Beat the hell outta that civ.  Then your next war will be started by liberating a city from the powerful civ you just destroyed.  They'll pretty much always become your staunch ally (and really, they're only good for GPT trades for resources, but that's a good thing), and now repeat with whatever civ you're attacking next!  

If a couple of people ask you to go to war with someone, do it!  They care a lot less about taking cities when you're fighting on the same side (or well, they'll care a lot less unless you try to take all the enemies cities).  Look for opportunities to liberate your decimated foes!  

TL; DR  - War is almost always a good idea.  You just have to liberate the useless corpses of your annihilated enemies, so that you look like a good guy at the office x-mas party"
ca9tpma,comment,0,0,0,0,0,train,"To the people saying that ""the audience must be paid off"" or ""there's no way a real audience can laugh that hard at the jokes in BBT"", it's quite a simple explanation. 

Laughing is amongst other things a social interaction that shows people around you that you find something humorous. Even though you might not laugh at jokes, shows and comics in front of your computer and TV-screen, you probably would have if 3 of your friends got together and watched the same thing. The jokes don't even have to be very funny, as long as the mood around you is cheerful, and most people can laugh at most things, and they can even laugh when they didn't hear the joke, but hear others laughing.

That compared with the preconception that you are about to be entertained makes it easier to respond the way they do. There's nothing illogical about the audience laughing at jokes.

You can find a similar effect when it comes to standup. One person might tell a joke that nobody finds funny, and he gets booed off stage. Another comedian might say the exact same thing, and he gets a good laugh.

Laughter is subconsciously all about social interaction and acceptance, and the absence of laughter just as much so.

edit: This is also the idea behind actually having a laugh track in sitcoms. It makes it easier to trigger the social response, even when there are no people around.

**tl;dr: It's much easier to grump at home over how unfunny BBT is than it is to do the same as a live audience.**"
cpr27ws,comment,1,1,1,1,1,train,"I can guess.  Dissipative systems will find an energy minimum.  This system is being driven, but it also dissipates through air friction.  So I'm going to guess that *the warped shape minimizes the total energy*.  

What is the total energy?  For a given rotational rate, it is the total rotational energy plus the energy stored in the elastic deformation of the disc.  Since the deformation energy goes up as the disc warps (try to bend a disc) it must be more than compensated by the reduction in rotational energy.

How does *that* work?  Well, I had to squint at the video for a while (around 7:00), but I managed to convince myself that when the disc warps, it moves the individual bits of the disc *closer* to the axis of rotation (it reduces the moment-arm of each dV of disc), and thus lowers the rotational energy.

The initial fracture (at 7:28) appears to me to be at the place on the rim with the greatest flex.  Which fits. 

**TL;DR:**  I made a bunch of stuff up.  Maybe it's right.  Maybe not."
t3_4co5u6,post,0,1,1,1,0,train,"After rereading the chapters I caught Kinemon had [this]( neat tattoo. What I can draw from this is that the people in Wano may possible use tattoos as some sort of identification for important people or leaders. I think that all shoguns have to have a certain tattoo to show that they are the current shogun. How do they get their tattoo and how did kinemon get his tattoo? Sure they could get some sort of tattoo artist to do it or maybe the newest shogun has the tattoo tattoo fruit inherited from the previous shogun. It is possible to get a devil fruit’s ability right after they died because blackbeard did show us this with the tremor fruit in the marineford arc. The fruit would be like a crown to a king. It would show the status of a shogun just like the shogun's special tattoo.

A possible tattoo to represent the shogun is the [tomoe]( symbol or Hachiman’s crest. [Hachiman]( is a Japanese god that is worshiped by samurais, and a god that protects all of japan. All of these traits are perfect for a shogun’s tattoo to represent and to add to that, Hachiman’s symbolic animal is a dove. (the bird on Kinemon’s back)

“Cool, the guy has a tattoo fruit or whatever, does it do anything else?” The tattoo fruit user could have its own super combat style to help with the idea of absurd power the shogun user should have to protect Wano like Hachiman does for Japan. I was thinking that the fruit user could use each arm the tomoe [has]( as it own independent limb and  the tomoe symbol has several of these limbs. (sort of like a tentacle except less disgusting and more badass-like kind of like how this [guy]( uses his hair)  Each new “limb” could add a blizzard of punches and help with the movement of the user.

This part of my theory maybe the most far fetched and not relevant to the previous part, but what if sky jumps and other cp9 techniques originated from Wano. We haven’t seen anyone else learn those techniques and I highly doubt the world government just made it up. It also takes years of training to master those techniques and they seem to be very ninja like, like a new ninja guy we meet from Wano. Maybe possible candidates for shogun have to learn all Rokushiki techniques to be the new shogun just so it shows that you are able to be the protecter of Wano. While mixing together Rokushiki, the tattoo fruit, and possible haki, you could get this overpowered mess that rules over Wano.

TLDR: shogun of Wano has a tattoo tattoo fruit and can sky jump
"
t3_2gr8wl,post,0,0,0,0,0,train,"Hey all,

guess I'll be coming here more often from now on. I finally bit the bullet and ordered a SP3, I also ordered a miniDP to hdmi adapter and a hdmi to dvi adapter from ebay.

Anything I should know? I heard about the undervolting, so I might give that a try. My regular PC is an i7 4770k with 16gb memory etc.. etc.. I use that one for when I really need to get tons of work done.


this one's going to be for taking notes, studying and 80% school stuff. The other 20% will be working on a webshop, mostly adding items taking some off.. regular maintenance.

I know my way around a computer, is there anything totally different from what I'm used to? Any fixes or otherwise tricks specifically for the surface pro?

It really seems like the perfect device for university though, I can't concentrate well on the stuff my professors upload because as soon as I get behind my macbook, I wanted experience with mac and windows + they're just good machines, or my pc and I instantly lose focus and get distracted. I feel getting the presentations/slides/documents open on a tablet and kicking back in a chair will do wonders!

Anyway, tl;dr

Any tips, any must haves, any tricks, anything I should know? Also, MiniDP to hdmi, then hdmi to dvi will work just fine right?


edit:

Any good quality cases/covers btw?"
c5pzfns,comment,1,1,1,1,1,train,"OK, for months, Daniels and Kaz were hinting that they had evidence of something horrible that AJ did.  Then they started bringing out pictures, and then audio, strongly suggesting that AJ and Dixie had had an affair, suggesting this was part of AJ's success with the company.

Then, out of nowhere, to disprove the accusations once and for all, they brought Claire out, who gave an absolutely incomprehensible speech (through fake tears) about how she was a druggie and AJ and Dixie were the greatest people ever who helped her through hard times.

Then, a week or two later, Daniels and Kaz come back out and announce they have a new accusation: that AJ is the father of Claire's baby.  And more astoundingly, it turns out to be true, at least according to Claire.  But then pictures are produced, and it looks more like date rape than anything else.

There's the TL;DR of about six or eight months of storylines."
t3_jv3my,post,0,0,0,0,0,train,"So I'm stopping by reddit (lurker, first time posting) to see if those with insight can answer/help/laugh at me as a pose this question: What/where can I get some fast training in database design/modeling and SQL? or If you were forced to work with someone in my situation, what would you like me to have under my belt so that your desire to murder me midway thru a meeting is somewhat restrained.

Situation: Medium size company, couple of SQL databases on the backend that drive about 8 or so existing front end web applications that everyone touches at least once in the business processes. Me, an affinity for this type of computer stuff, skill on a scale of 1-Ninja, I'd say a 3. I can't build it all yet, but I can break it pretty fast.

TL;DR - What's the fastest way to become a competent DBA now that I am one in title only at my job?

EDIT - Thank you all for your comments. I've got a list now. Tomorrow I'll start by requesting help until I'm fully trained, second I'll investigate the role/title change compensation factor. Lastly, I'll begin with the book list and start petitioning for some structured DB training from Oracle or MS. (I believe we have both as corporate vendors) Thanks again, Now into the maw..."
t3_10a3ho,post,1,1,1,1,1,train,"So, based on recommendations here a few days ago, I went to Amazon.co.uk to buy LittleBigPlanet Vita. It was something like €1 cheaper than shopto.net so I thought why not as both have pre-order dlc. My 7 year old nephew also liked the sound of 'fearsome dragon' and so wanted that one. My friend also wanted a copy and his credit card was maxed out. Shipping is free singly or both together so of course I ordered both together as there seemed no downside.

I got the game today. I received no preorder code in the package, so I decided to wait in case it was emailed (the site said something about it being emailed within 48 hours). I receive the email an hour ago and there was only 1 code on it.

I emailed their support and they emailed me back [a link]( which says I should have broken it up into 2 orders and that they aren't going to help me.

`Offer strictly subject to availability. One code will be issued per order. If you require multiple codes, you will need to split your purchases into multiple orders.`

I read preorder stuff when I was ordering and I saw no such message. It's possible I missed it of course, but I would never have knowingly ordered together if there's no difference in price, nor delivery time. It's pretty stupid to have it the way they've done it.

My message to you: Be very careful of Amazon pre-orders

My nephew now has to go without his 'fearsome dragon' when playing LBP Vita. He was expecting it as I asked him which one he wanted, so what's supposed to be an awesome game day, just turned into a 'fuck you amazon' day.

/rant
____

**TL;DR:** Ordered 2 copies of LBP Vita, only got 1 preorder code. My 7 year old nephew is sad. Fuck you Amazon."
cew9u98,comment,0,1,0,1,0,train,"Since you are going there and I just came back a few days ago I felt like I could give you a few point I liked when I was there.

* **Rendezvous Bowl &amp; The Hobacks**

This was easily my favorite run when I was there. The bowl is vasily open is it an awesome feeling just to carve out the side of it. You can take the Rendezvous trail to get to the Hobacks and once there you feel like you are the only one there since it so vast with breathtaking view of the valley. There is almost alway going to be at least a patch of untouched snow but hope you get a snow dump before going since there are decent number of rocks that come up and have caught me. Not to mention it will be more fun as well. I personally like shredding down the gullies towards the end of them.

* **Casper &amp; Apres Vous Lift**

If you like nice groomed cruisers these lifts are where I had the most fun for them. Easy enough where I zip down the trails in no time at all. I loved the feeling of me just blazing through the intermediate runs at top speed and even the race course before they closed it off for the day. Just be careful of other skiers and boarder around you on these runs since it can get a bit crowded at times although when I went it was mostly open on the Apres Vous runs.

* **The Stash &amp; Terrain Parks** 

I am not much of a terrain park person but I don't mind the occasional small jump or box. The smallest stash park was closed when I went, and the ones that were open were beyond my abilities. I have been to the one in Killington before and I liked it, but the Stash parks here are pretty big and should be nice when they get more snow. In terms of regular terrain parks the biggest one is just off of the Eagle's Rest Lift and is just a typical mountain terrain park with large features. The Half Pipe wasn't open but should be once the get more snow. If you want small features, the Teewinot lift serves a beginner terrain park as well.

Also, I would talk to people you run in on the lift as most of the time they have a lot of information as what runs to do and even what to do in town as well. Have a fun time on your trip and enjoy the mountain.

**TL:DR** Rendezvous Bowl &amp; The Hobacks: Best Run, Casper and Apres Vous lift for best Cruisers, and Terrain Parks are mostly begin but should be fun if you are into them."
t3_2fex3p,post,1,1,1,1,1,train,"Hey everyone, just got my 5th iPhone 5s replacement. I'm extremely dissatisfied that this happened. The first 4 replacements were hardware related and most recently was software. I asked the manager for a phone case as compensation and to lessen my chances of having to make a return trip to the apple store (not that it was my fault the first four times.) Anyway, according to the manager it's out of her authority to give me a case. I feel like since they're Apple my time isn't valuable (time i wasted to visit the apple store to get my phone fixed) and they can do whatever they want because they are one of the most successful global entities. I switched to iphone from android after four years because I wanted a reliable and premium product. Anyway, after this shpeal should I just take it in the butt and be happy I have an iphone or complain to corporate? If so, how do I go about complaining to corporate? 

TL;DR 5th iphone replacement, want compensation. Do I complain to corporate? "
t3_2g20a6,post,1,1,1,1,1,train,"Kaguya was added to story and most people, along with myself weren't happy with it. However. After the most recent chapter I believe I know why. Kishi wanted Sasuke to be the final villain but also wanted to make everyone believe that Sasuke was on narutos side, but during the madara/obito fight everyone was skeptical of Sasuke and believed he would be the final villain, but once kaguya was added, Sasuke and naruto were given the sage powers and I truly believed that Sasuke was good and kaguya would be the final villain. But that was all a plot to make us believe Sasuke  wouldn't end up being the final villain. Also giving him and naruto amazing powers could make the fight more interesting 

TL;DR kaguya was made to distract us from Sasuke being the final villain "
clp6y8b,comment,1,1,1,1,1,train,"As I assume this was related in part to my comment, I'd like to dissect this argument a little bit.  (And yes, I've gone back and forth with Brian on this before, it ended about as well as this has). 

1.  **Brian is rewording the quote.**  He's saying ""No man can be saved"" in the celestial kingdom.  This is a strawman.  It's not the argument.  **Brigham said no man could become a God** in the celestial kingdom save he entered into polygamy.  He couldn't be saved unless he believed in polygamy.  Failing to believe was damnation. To quote, "" The only men who become Gods, even the Sons of God, are those who enter into polygamy. Others attain unto a glory and may even be permitted to come into the presence of the Father and the Son; but they cannot reign as kings in glory, because they had blessings offered unto them, and they refused to accept them.""  

2. **Brian is playing up the persecuted saints**.  Yes.  I said Hales was full of it.  I said it in reference to his non-sexual sealings argument and claims that Alger was sealed to Joseph before the affair.  Both are untennable. Neither of which are addressed in his response. 

3.  **Brian is contradicting doctrine**.  He says, ""required to be obedient to the gospel” at some time and place (between the 1840s and 1890), that does not mean it is required for exaltation at all times and places.""  I'd like to refer you to actual doctrine as it appears in instruction manuals and conference reports: ""Your eventual placement in the celestial, terrestrial, or telestial kingdom will not be determined by chance. The Lord has prescribed unchanging requirements for each."" [source](

4. **Brian redefines celestial marriage**.  This one can be excused.  The LDS church has done it for over a century; however, ""celestial marriage"" was originally polygamous marriage.   Brigham Young taught that you can get into the celestial kingdom, but you aren't going to be married if you're not a polygamist.    To quote: ""Now, where a man in this Church says, 'I don't want but one wife, I will have my religion with one,' he will perhaps be saved in the Celestial Kingdom; but **when he gets there, he will not find himself in possession of any wife at all**. He has had a talent that he has hid up. He will come forward and say, 'Here is that which thou gavest me. I have not wasted it, and here is the one talent,' and he will not enjoy it, but it will be taken and given to those who improved the talents they received, and he will find himself without any wife, and he will remain single forever and ever."" - JoD 16:166 

Emphasis mine. 


**TL;DR** In this case, Brian starts with the conclusion, builds a strawman up as a counter argument to the conclusion, beats it down, and ignores anything that might suggest his original conclusion is wrong. 

Feel free to send this back to him.  - This of course assumes he was given the full quotation and sources rather than a paraphrase. I also welcome him to return to this forum and comment himself.  He has an account; he used it for his AMA. 
"
c0rrqxh,comment,0,0,0,0,0,train,"I was in the radio business for 10 years and I saw this everyday. the only reason they've hung on as long as hey have is because the ones who play ball with radio stations (payola) and don't use the internet are conglomerate controlled corporate bullshit. Trent Reznor said it, Thom Yorke has now said it. A lot of people on the inside have said it a LOT. this ship is sinking and a lot of jobs are going to be lost. But if you've ever met an A&amp;R guy for a major label these people will not be missed. Radio reps are some of the sleaziest scumbags on the planet. They will literally do anything to make stations play their record. Bribery, Dinners, Hookers, Strip clubs, vacations. WHATEVER IT TAKES.

in the Capitol records office in Atlanta once when I was there with a record rep there was a sign huge banner sized that said just that (artist name ommitted) 100 spins a week WHATEVER IT TAKES.

tl;dr:

Radio industry and Record industry is evil"
t3_1nl5cb,post,0,1,1,0,1,train,"So I've been getting this message: ""The files are damaged and the systemstorage is damaged, repair is needed."" Not the exact same message, as my language isn't set to English but I think it is a similar translation. 

After this it says that it's repairing, when at 100% the screen blacks out and I can't do anything. I can't even turn off the ps3 the normal way, I need to cut off the electricity to it.

If there's a fix for this, or other threads on this (I have sought but not found) please tell me. The latest thing(s) I have downloaded was a DLC for CoD BO2 (1500 KB).

Thanks in advance!

TL;DR: Freezing/memory issues."
co0fx5l,comment,0,0,0,0,0,train,"I think the greatest aspect of the Walk, especially here in San Francisco, is pointing out to people that, no matter what the media and politicians say is the 'proper' viewpoint, there are thousands and thousands of other people who feel the same way the marchers do. This reinvigorates those who march to see that a) they're not alone b) it's not as skewed as local media reports and c) it's a view one can hold and not be ostracized by everyone.

This realization, both by walkers and those who witness and hear about the Walk inspires them to express their views, to carry their views into other aspects of life (politics, work, family life) and basically to make sure that people who are pro-life aren't cowed into thinking they're the freaks and oddballs for their views.

Imagine if the money spent on Dr. King's marches had been spent on get-out-the-vote campaigns or other education. The Civil Rights Movement may have stalled out.

TL;DR When you see tens of thousands of other people share your views, you're encouraged and more willing to advocate for pro-life causes."
cnvszuv,comment,0,0,0,0,0,train,"&gt;Now the question: he says his wages are ""inadequate"" and thus his contract is terminated (by him). Is this right/legal? 

What? He agreed to a price. Entered into a contract. John wants to renegotiate his contract by claiming inadequate wages? Is he being paid more than minimum wage?

&gt;thus he is still bound by contract to continue working at that agreed upon rate unless he can prove some outside circumstances (like his house blew up). 

Even if his house blew up he doesn't get to change the terms of a contract. The employer didn't blow up his house, did they? (That's totally different if they did and he needs to not be looking at his pay rate if they ddid)

John's going to to have his contract ended if he starts arguing for more money. If he's an independent contractor he will shortly find himself ""not needed."" I'm going to guess that's not the case and he is on a temp job. If he works for a staffing company? He's going to find out that his contract has been ended (no reason given. It just happens)

Tell John to knock it off. $8.72 an hour (assuming 40 hours a week) is over minimum wage so he can't go to DOL for this. Tell John to check his contract and see what stipulations are in there and ask him if he is really willing to risk being unemployed because he -  no problems, a good work environment, he and his employer are happy, except my friend, we'll call him John, now wants more money?

John needs to look for a job he will make more money.

TL:DR? no. You can't declare a contract invalid because you want more money. There has to be a reason.
"
c2a5v0o,comment,0,1,0,1,0,train,"**I never said they were allowed to use the information they collect to sell to other companies.** *I only responded to this guy's comment on his/her surprise that his/her internet browsing sessions were never private.* Hell you even see this warning when you try to browse in private mode via FireFox/Chrome.

 Seeing what you search, what pages you visit, when you visit them, how you visit them, where you visit them (yes even your IP is tracked) is not only data retrieved by the ISP but the pages you visit themselves (search [web analytics]( This information is freely available, that's all I was trying to say.

*It's not a breach of privacy, it's more like misuse of your information and abusing your trust. It's like signing up for a newsletter that promises not to sell your email address and whatnot to someone else. But they will still have your information for themselves.*

The number of downvotes I've gotten seem to come from people who just installed Windows 98. 

*Welcome to the interwebs.*

**tl;dr.**
Internet browsing is not private. Surprise!

Selling your browsing information without your consent is wrong.
"
t3_2rkk3q,post,1,1,1,1,1,train,"I recently upgraded to a viper after a long grind. Wanting to get to HO HSI I noticed that one or more of the jumps we're too far so I thought I'd upgrade my jump drive, short on cash I did some missions jumping through the nearby systems. Finally having saved up enough for a better jump drive, I arrive at Panoii, upgrade my stock jumpdrive of class E to a class D. I head back out and try to navigate to HO HSI but I still can't! Okay maybe I need a better class Jump drive, so I pick up a mission to go to swaza, merely 6.5ly away, but I can't jump to Swaza either, I can't jump to any system!?  
Okay, Go back to the station and sell some stuff to afford a class C frameshift drive buy that and head out, and still ""jump exceeds drive fuel use 0.6"". Utterly confused by all the stats of the frameshift drives I head back to the station and re-buy my original Jump drive (at least I think this was the original) and head back out and STILL! I can't jump to any other system!  

TL;DR: I tried all available (and affordable) jump drives but I can't jump out of my system, even though I jumped into it.  

Anyone know how I can fix this issue? I happen to be in a system with resource nodes, so I could possibly make some money mining in-system to afford an even bigger drive, but that could take ages.

EDIT: 
I figured it out, I was using too low a class of jump drive, I thought that I had already attempted a class 3 but I got confused! Thanks everyone"
chihj2y,comment,1,1,1,1,1,train,"&gt;Embracing emerging markets, Hose left Silicon Valley and went to live in the Philippines because he wanted to do something for the emerging markets. After about a year in the country and writing the crowdsourced Philippine Startup Report, he now feels he has a better understanding of the market.

He lives in a country for a year and thinks he understands the market? Yeah right. I am Filipino living in the Philippines for over 4 decades and am a socially active individual and has extensive knowledge of what's going on in the economy and in society. 

We have a LOT of these guys who come here (I don't want to sound discriminatory, but it is a reality we all know and live with), see cheap labor and great beaches and women who will throw themselves at their feet, and pose themselves as saviors of the poor or the economy or, in this case, using new buzzwords  like ""the unbanked"" or ""underbanked"". Filipinos are very jaded when it comes to these things. 

I've been watching Bitcoin closely and I can tell you outright, it is nowhere near the level of adoption in the west. Not even close. Not because we need more people like Ron Hose, whoever he is, but because Filipinos are technologically averse and, to be honest, too poor to even think about Bitcoin. More than half the 100 million population live on about $2.00 a DAY. 

I am not saying Bitcoin has no chance here, it does. But not the way these guys think it will. The ""unbanked"" here are also ""un-smartphoned"" and ""un-interneted"". No, just because you are selling P200 worth of Bitcoin, it doesn't mean people will buy and use it to buy shit online because that's a week's worth of rice for the whole family. 

Bitcoin's greatest contribution to the Philippine market and the world will be to give entrepreneurial Filipinos and the Overseas Filipino workers a more level playing field. These are the people who are working hard to uplift themselves from the pervasive poverty surrounding everything here, and there are millions of them. People who will actively seek it will benefit the most. ""Unbanked""and ""Underbanked"" are meaningless words. 

There are about 12 million overseas Filipino workers. They contribute a huge part of the GDP of the country and are using Western union and the like to send money home, getting raped 7-18% depending on how small the amount they are sending home. The poorer you are, the more you pay. THAT'S where Bitcoin will play a big part. 

TL;DR: I am a Filipino, born and raised, and I think that article is bullshit and just promoting their own interests using meaningless buzzwords and was very uninformed. "
coh1b10,comment,0,0,0,0,0,train,"I LOVED this game.

The enemies, especially the bosses, have good personalities, and you will feel they are ""real"" enemies (real feelings, motivations, etc). Just what the Country Returns bosses failed at.

The scenery is PERFECT. A lot of details on the background, you will hardly find any reused world or mechanic. Each level have something unique even when the whole island theme is the same (Ex: ""Food"" island, you will find yourself on worlds when you only jump on jelly, or ones that have fruits cutters, etc).

The game is HARD. As you would expect from DKC. Not a lot of times where exasperating, tho. So not a lot of rage quits.


TL;DR: If you can buy it: DO IT NOW. It's a small gem that doesn't receive the love it deserves."
t3_1feu0p,post,1,1,1,1,1,train,"So, I have a 79% C in US History, and first time I took the final, I got a 55% and second time a 40%. I need to get at least a 60% on it. History is not my strong suit. 

Funny thing is a month back, I took an EOC (End of Course) assessment and it was about 30-40 questions and I got an 89% on that. No internet, just me and the computer and a room full of students. But on this test, with the help of the internet, I can't pass. 

I need someone to kinda walk me through it, needs to be done by 3PM EST as yesterday was my last day. Teacher is just being awesome.

**TL;DR: I need help on a 60 question history exam at least getting a 60% to past by 3PM EST.**"
cj8yqhv,comment,1,1,1,1,1,train,"I found a lump on one of my prized possessions about three weeks ago, I was absolutely panicked at the time and internally convinced myself it was the big C.  After heading to the doctor for an exam I was told that it was probably nothing, but was scheduled for an ultrasound anyway.  After the ultrasound was done [(and after having grabbed a few photos on my phone for an eventual Christmas card prank for my mother)]( I was given a second all clear from the in-house doctor there telling me it was just a lil bit of calcium that got in there. Suffice to say, I try to check the boys weekly now...  
  
TL;DR Chickity Check Yoself, it will probably end up being calcium or a varicose vein or something but there's no harm in finding out!  "
cgeayol,comment,0,1,0,0,1,train,"As a tigers fan I have no problem with this deal. This deal is about more than the 10 years Cabrera will play there. This deal is with a no doubt hall of famer to a franchise with some historic players, those of which that are still alive are constantly around the team, clubhouse, and fans. From a marketing standpoint Cabrera is money in the bank not only during his playing days but after they are done. Appearances, autographs, season ticket holder meetings, etc. I saw a guy buy an Al Kaline autographed jersey for $1,000 at spring training this year. Cabrera will live on as a tiger long after his playing days are done.  All of this for one of the best pure hitters ever? The price seems worth it, let alone the cost of inflation etc. Lastly, owner Mike Illitch is a guy who has more money than he knows what to do with and knows the value of a star to a franchise. He had no problem making Stevie Y the face of the franchise for the wings and no doubt he's doing the same with Cabrera. Not to mention that he may be rewarding Cabrera with some bonus money for being simply awesome and deserving of $30 mil a year for the last few years. 

Tl;DR Maybe a bad deal if you just look at money. But if you're someone who has money to blow and want to reward someone while building overall franchise and fan base value, doesn't seem so bad to me. "
c3lfry2,comment,1,1,1,1,1,train,"Were you prompted to post this because of the A-plea-to-Gunnit-lets-all-jerk-eachother-off-and-learn-nothing-because-we-wanna-feel-good-inside post? Yeah, if you look at his activity that guy was quite the ass. You know, I'm inclined to agree with you, and I've only been a gunnitor for what 4 or 5 months? I've only just gotten into firearms seriously for 6, soaking up as much as I can about everything.

Believe it or not that criticism actually helps me learn more about which things (lets be honest) suck and which things don't.

Not too long ago I posted about purchasing my first firearm, an AK74. I was looking for a cheap project gun that I could play with. Most people gave it the thumbs up, etc. One guy didn't. He talked about how the non-chrome barrel was shit for corrosive and with only a couple hundred more dollars and a little extra time I could have picked up a chrome-lined much better quality AK. While that gun has served its purpose for what I wanted, maybe I should have been more patient, learned a bit more about my options and waited. I certainly would now. Luckily it wasn't too big of a deal because of the nature of the buy, but I'll still chalk it up to a bad decision.

I've learned a lot since then (still so much more to learn, and I'm loving every second of it- my head is swimming with all kinds of gun stuff) but what he said prompted me to look more into it, learn more of the nuances. My friends and family have never really been into guns. It was something I discovered on my own, and because of that it's a very self-fulfilling experience to become more knowledgeable. When someone says something obviously sucks and was a mistake, I learn from it, and try very hard not to make another.

So yeah, I don't want gunnit be become too soft on inexperience, because being criticized for fucking up is what makes you experienced. However, if this is not what you are talking about then just ignore this.

TL;DR Noobs (like me) should man up about hurt feelings, take the criticism, and stop being bitches about learning.
"
cl3w81o,comment,0,0,0,0,0,train,"To add to what d_valle said, in a rear wheel drive car you *have* to do that when the rear tires are on the limit because any jerk from the engine is going to break the traction of the rear tires - then you spin.  In other words, the tires were already using 100% of their traction capacity, the braking force of the engine when you downshift would put more energy into the tires than they can handle and you suddenly lose rear traction.  So you try to match the revs when you downshift so there are no sudden forces on the rear tires.  It's especially necessary in the NSX which is mid-engine and naturally rotation happy.

TL;DR: If he didn't do that the rear tires would lose traction and he'd spin."
ci9jqwg,comment,0,1,0,0,1,train,"&gt;The constitution commits the country to enshrine the European convention on human rights in law, tackle climate change and ensure the safe, ""expeditious"" removal of Trident nuclear weapons.

* Take on European laws, written by an unelected committee from a political union that hasn't had its accounts signed off in 19 years.

* Introduce a stealth tax based on a ponzi trading scheme of carbon credits under the pretence of mitigating a natural disaster, the science of which is based of fraudulent claims.  IPCC anyone?

* Remove our nuclear **deterrent**.

My fellow Scots, I hope you can see this all for what it is, that is, it's nothing but a resource grab by the European Central Bank, the IMF etc. etc.

We will be asset stripped and taxed up the arse.  We will have thousands of more 'laws' introduced. 

[I mean, come on:](


&gt;Incorporation of European law

&gt;(1)

&gt;Directly effective EU law forms part of Scots law.

&gt;(2)

&gt;Scots law is of no effect so far as it is inconsistent with EU law



tl;dr How? **How are we** independent when we are dictated our laws by Brussels?  

This stinks to high heaven.  Remove that shite about taking orders from the EU and I'll think about voting yes.  Otherwise it's a bit fat **NON/NEIN** from me.
"
cp20h1e,comment,0,0,0,0,0,train,"The examples you listed are a special type of security that hold American Depository Receipts, or ADR.  They are called American Depository Securities, or ADS.  They are very different than common stock of a domestic corporation exchanged via the pink sheets.

These ADS aren't businesses in the sense that you're buying domestic shares of common stock in an enterprise, but rather a sort of, you could say, trust fund that hold *actual* shares of *foreign* stock, traded on the major foreign exchanges, as a convenience for American stockholders who don't want to go to the trouble of opening a global trading account.  When the foreign dividends are collected, the sponsoring bank converts the currency to U.S. dollars, does the tax accounting, and sends the money on to the domestic investors, charging a convenience fee of typically much less than 1%, giving economies of scale to smaller portfolios.

In every case, the market capitalization of the firms you mention are overwhelmingly being determined by the real-time trading occurring in the exponentially more liquid foreign market, on the actual listed shares of the business in its home country.  Nestle, for example, trades on the Zurich stock exchange and the value of the American pink sheets fluctuates in accordance due, in part, to arbitragers making sure it trades roughly on par by exploiting any significant differential between the two.  

The market capitalization of the pink sheet listings isn't what you see when you pull up the quote.  When you pull up ticker symbol [NSRGY], for example, that $250+ billion market cap is **not** for the pink sheet listing trading under NSRGY.  Rather, for convenience, the data providers are grabbing the actual value of the underlying company, with all of its shares outstanding, over in Switzerland and then translating back in U.S. dollars as a sort of quick-and-dirty estimate using a couple of short cuts along the way (e.g., it might take the current U.S. value on the ADS and apply it to the ratio-adjusted shares outstanding in the foreign market, which is easy for something like NSRGY because it's a 1-to-1 basis following a reorganization six or seven years ago).  

In many cases, the lesser liquidity of the pink sheet listings is not a problem because an investor of means could simply shatter the security, if it ever became perpetually undervalued, and take delivery of the underlying foreign stock.  Then, he or she could go to the foreign market and sell the stock outright.

TL;DR: Totally different instruments.  The companies you mentioned aren't actually companies but rather a legal intermediary as a way for domestic investors to hold foreign stocks and have the dividends and distributions, if any, automatically converted into U.S. dollars for convenience.  You should be careful comparing them to pink sheet listed common stocks as they have little in common."
c0h30js,comment,0,0,0,0,0,train,"I think the reason is that Islam is a true religion and Muslims are 100% convinced of that, whereas Christianity has been corrupted and adulterated throughout the centuries that its followers rely on blind faith all the time, even if they're not fully convinced of the religion. 

God is cursed and mocked in Western media on a regular basis, yet Christians do nothing. Christians don't take their faith as seriously as Muslims do. We believe it's from God. Christians say they think it's from God. You see Christians all the time cherry picking Bible to form their own versions of Christianity. You've got Christians who wish death upon gays, and those who reject that part of the Bible and believe in gay rights. etc.

Christians have been tamed by secular rule and worldly pleasures. Muslims are still fighting for their religion. A lot of Christian women have no problem with premarital sex. Our women here in Saudi Arabia cover themselves up from head to toe in obedience to God and his commands. There's a massive difference in the Christian and Islamic attitude towards God and scripture.

And one more thing: Khumaini used religion as a tool to influence the masses. In reality, Shi'ism is totally different religion from Islam. It has different tenets and teachings, a lot of them have nothing to do with the Qur'an or Mohammad.

**tl;dr Muslims take their religion more seriously than Christians.** "
t3_2t63ey,post,0,0,0,0,0,train,"Hi Everyone! I'd like to book our honeymoon within the next month but we're both stumped as to where to go.  We want something unique where we can explore the local culture (neither of us are 'sitting by the pool for a week' people) but I also think we're underestimating how much we will want to relax after the wedding.  We're looking to spend up to $4000/person for 1-2 weeks.  So far the ideas we've floated around are Iceland, Hawaii, Maldives, Thailand, Dubai, and Africa.  I've also looked briefly into Sandals all inclusive and Atlantis resorts.  Clearly we're super directed in our thinking...

We want to have an amazing experience and come away with memories having seen things that are amazing.  We did backpacking around Europe two years ago and trip to Scotland last year so something different than that would be nice.  We're willing to spend a decent chunk of money to stay somewhere nice this time around while exploring another corner of the globe. 

**TL;DR - Give me unique places to visit for our honeymoon that cost under $4000/person which will be both relaxing and adventurous.**"
cpztvdl,comment,0,0,0,0,0,train,"Dude, we have confirmed the existence of prions and we have next to no idea how the hell they work exactly (protein folding is essentially close to a mystery in a similar way to how in Louis Pasteur's time germs were). We're advanced, but we aren't *that* advanced - there are plenty of frontiers in biology and medicine even today.

The thing about cancer is that it isn't just one issue were dealing with - it's a cluster of things that are related, like how diarrhea can be the end result of a range of different things. Because cancer is our own cells gone berserk it makes it tricky to deal with. We can kill our own cells just fine, but the problem is that when you kill your cells you are killing yourself. And cancer usually grows at a much greater rate than regular cells (essentially they are cancer because they lose their ""off switch""). Radiotherapy and chemotherapy are like carpet bombing a country with the hope that it wipes out the terrorists and leaves enough of the citizens that they will repopulate.

Also killing cancer is easy in a petri dish - fire, bleach, acid... All sorts of things will kill it and we know that part, but the problem is that you can't apply bleach to *every* cell in your body and hope to survive.

The other problem is that so many things can cause cancer that it's virtually impossible to prevent. But we are making progress.

TL;DR - it's not a conspiracy. Maybe covering up that certain products/manufacturing processes cause cancer is but that's as close as it gets."
t3_1cm9ns,post,1,1,1,1,1,train,"I realize this might come off as a noob question, but I've been messing with Android for many years and have had TB purchased for ~3yrs or so, using it on a dozen or so phones and I've always have been able to accomplish what I needed fairly easily with it...Till today.

So I have an SGS3 and the camera went out on it, I ordered a warranty replacement that got here yesterday. After rooting and installing a rom on it, I went to restore my apps.. Typically what I do is just backup with TB to my sd card then put the SD card in my new phone and restore... 

Well, I have ~140 apps and for some reason when I attempt to restore on my new phone it only shows 64 apps.. But on my old phone it clearly shows ""backing up ~140 apps"" and the backup location is indeed my external sd card. So I use TB to make an update.zip with all the apps from my old phone, put it on the SD card, put it in the new phone and flash it, then wipe cache. The flash succeeds and I think I'm good now, wrong. The phone becomes completely unresponsive after booting and requires a hard reset to fix it.

At this point I'm getting extremely annoyed.. Not that I had much hope that flashing the zip would go smoothly, but it was worth a shot. In a last ditch effort, I remember I can sync to Dropbox! Sweet.. I login and start the process of syncing ~800mb of data to db. Everything goes good.. I log in to DB on my new phone and run the DB sync and you know what it does? Fucking deletes everything in the folder that I just synced. For some reason instead of syncing the contents of the folder to my phone, it synced the contents of my phone (nothing) to the DB folder.

Now I'm at a loss. I HAAAATE re-downloading/logging into/setting up everything and have no idea how to get around it now. Any tips for using TB/DB to accomplish this? 

TL;dr - Just recieved warranty replacement SGS3 and need to restore my apps from old/broken S3, Titanium Backup is glitchy as hell and driving me to insanity. How do you restore your apps from an old phone onto a new phone? Any help is appreciated.

****
Update - I just solved my own problem, for anyone whose wondering - I synced my old phone to dropbox and then from my computer, I copied the contents of Dropbox/TitaniumBackup to the TitaniumBackup folder on my new phone and magically all of my apps showed when I went to batch restore! I'm still wondering why they didn't show off the SD card, but oh well, issue resolved!

Thanks to everyone who replied."
t3_3n6tzv,post,1,1,1,1,1,train,"I know we're not supposed to ask for running shoe recommendations, but my question is a a little general, I hope I get some help here.

I'm not a professional runner, and used to have mainstream brand shoes like Nike and Adidas. I need new pairs now, and I went to this store that apparently sells more specialized brands. But I haven't heard those names at all, and new to the area, so I'm not sure about the store either.

I tried a pair of ""New Balance"", for 150 Canadian dollars, and a pair of ""Saucony"" for the same price. 

They design was terrible, and the price is high, but they were comfortable. 

My question is, are these, like, specialized running brands? Should I go for the ugly, expensive, but ""professional"" shoes? Or get fancy (good enough?) Nike? 

P.S. I have arthritic knees and hallux valgus (that ugly bone on feet ;) ) and I don't want to risk running with bad shoes. I just don't know what brand offers safe shoes.

 tl;dr: What brands offer safe, specialized shoes for running?

Edit: Thank you very much for all comments. That's all what I needed to know :)"
t3_hi7hk,post,1,1,1,1,1,train,"So I bought a pair of identical disks and was going to make an array on them (probably R0 or R1).

Instead I managed to create an array that spanned onto my old system disk which I would very much like to use, since all the shit is there.

*What happens if I remove the RAID-5 array through bios configuration?* It says all data will be lost, but will it be lost if I didn't use the system disk to write any data together with the new ones? (It couldn't boot up win7, it did however boot up linux w/o any issues whatsoever when I switched back to AHCI).

*tl;dr* I there a safe way to get my system disk out of that darn raid-5 array w/o losing data?"
t3_2mbocc,post,0,0,0,0,0,train,"Okay, hear me out on this. I've got a bunch of supporting info about this idea. Some of it is spoilery, but I'll mark it.

First, an outline of what I'm talking about. I imagine some sort of new type of heart that you can collect, which contributes to your total hearts, up to 12. It acts like a soul heart, with an added effect. Like the black heart, this effect activates when you lose the new heart, but instead of damaging enemies in the room, you are temporarily protected from further damage. 

I uhh... I'm gonna be honest. I don't know what to call this new heart, and I don't know what *colour* it should be. The most fitting is white, but that's taken. Next most fitting, maybe gold? Like a beam of sunlight? Most of the angel imagery in the game is white, so I really wish these hearts could be white, but that just won't work. I guess I'll call them gold hearts, but if anybody has a better name/colour, I'll edit this post to call them something different.

So, remember when Edmund introduced black hearts to us? He described it as the ""the dark alt to the eternal heart"". That's what got me thinking. Basically, I kinda disagree with the idea that black hearts are ""dark alts"" of eternal hearts, in that they're complete opposites. If you wanted a ""light/holy alt"" of the black heart, you wouldn't come up with an eternal heart. 

So, [](/s ""The Negative"")'s effect is ""**damages all enemies in the room** when [](/s ""you get hit with 1/2 red heart or less"")"". The *literal opposite* of this item is [](/s ""The Polaroid""), which **gives you invincibility** when [](/s ""you get hit with 1/2 red heart or less""). That last bit is spoilered out because it spoils something by proxy. These two items take effect under the same conditions, and are strongly associated with sin/faith. 

Furthermore, the general theme of angel room items has always been protection. I don't want to make this a thread complaining about the eternal heart, but I just don't see it as very true to the theme of angel room items. Eternal hearts are something that need to *be* protected, and do nothing to protect you. It would be nice to have a true parallel between evil and good by having a type of heart that works like black hearts but serves to protect you. 

I figure that gold hearts should provide the same duration of invincibility as The Polaroid. I think the Book of Shadows actually has a longer period of invincibility but that's probably too long to be balanced. 

Anyway, I thought I'd post this idea in hopes that people appreciate it, and maybe if it gets enough support, Edmund might put it in the Rebirth Expansion. 

TL;DR: read the title?"
ccs8xi9,comment,0,0,0,0,0,train,"At least all of your prior anti-Justin Blackmon rhetoric makes sense now. :)

It's time to drop Marlon Brown, for one thing. Jacoby Jones is back in the mix, so the red zone targets are going to drop. You aren't going to get anything for Andre Brown or Vereen right now, just because of a combination of the unfortunate length of their injuries and a low ceiling for their potential upon return. They're players that only have value to their owners until they're about to get back on the field, since they didn't really get to do anything of value before going down to injuries. Harvin can only get any value combined with another active player or two in a trade, which you probably want to avoid so as to prevent further disembowelment after the Megatron trade. He's a special case because he has by far the highest upside of any of your injured players, with the potential to put up top 5 WR numbers in any given game. Cobb is a close second but has already put up great numbers this year, so he has the highest value of any of your injured players. Someone could be willing to take a bet on him.

Joseph Randle is certainly on the waiver wire this week. I think he's owned in something like 1.5% of leagues. Demarco Murray's injury couldn't have come at a better time for you, as much as I feel bad for him to have to deal with it. Brandon Jacobs and Zac Stacy may also be on the WW, but that's just an assumption since I'm also in a 12-man PPR. I honestly think you could drop Andre Brown and Vereen this week in order to patch up your team temporarily AND still pick them back up next week without worry. If no one is interested in a package deal for them where you're assumedly selling very low out of desperation, they aren't going to snatch them up either, because they'd have to drop someone you might have traded for in order to get them. If you're really desperate and feel like you need to make a move, see if you can package them with Cobb, because he's going to eating up roster space and may come back slowly even after he's ""healed."" Harvin will be putting up serious points around week 9 or so, and if you've dealt Cobb you can laugh your way to the bank. You could also try selling high on Vincent Jackson if you're REALLY desperate, but this isn't something I'd do right as he and Glennon start to get on the same page.

TL;DR - Keep Harvin, grab Randle/Stacy/Jacobs for a week. Drop either of the Browns or Vereen. It's tempting to make a panic move, but you'll be glad you didn't. You're gonna be fine after the bye."
co9t0m4,comment,0,0,0,0,0,train,"Ignore the idiots who say you need to get allied with stations. That is b.s. Once you've done enough missions you'll be automatically allied with all imp factions, so this can not be true. 

Pick a nice cluster of systems with lots of imperial factions in them with the stations close to the main stars and a variety of economy types. 

Or just do this anywhere. It's not difficult. 

Do missions. Lots of missions. Run goods,  fetch goods, courier stuff, kill stuff. Just make sure you're doing it for imperial factions. 

You basically seem to have a hidden rank points stat that increases as you do missions and turn in bounties. Trading does nothing for ranks but does bump your friendliness. Bumping your friendliness early is good so you can access more missions. Once you're allied with every imperial faction and you have access to all the missions anyway,  it's just good for making extra money as you do missions. 

Once you tick over the next rank threshold,  there is a chance the rank up mission will appear. 

When it does,  take it and do it. Rank up. 

You do not have to travel to different stations or work for lots of different factions,  but this will happen anyways if you're couriering stuff around. 

As for which missions to take: take whatever you can get that you want to take.  I have no idea if the amount of rank progression you get is relative to the reward or if donation missions earn more rank points than missions where you earn money. 

Just do missions. 

Source- Post commander. Earl. Bunch of misc system permits (Similar but different). Flown a Clipper. Flown a dropship. Earnt baron and ensign in cobras and vipers. Earnt earl and post commander in a python.

Tl;dr- ignore the misinformation in this thread. Do missions for imperial factions. 

Edit- auto correct corrections"
cr9jsrm,comment,0,0,0,0,0,train,"Wifi radiation is insignificant compared to almost any other transmittable source.

Wifi radiation is classed as a type 2b carcinogen (possibly carcinogenic to humans) by The International Agency for Research on Cancer (IARC)

There are two classes above this that include probable(type 2a) and known (type 1) carcinogens.

Some common type 1 carcinogens that you should actually avoid/limit exposure to ( This category is used when there is *sufficient evidence* of carcinogenicity in humans.)


- Engine exhaust, diesel

- tanning lamps and sunbeds

- tobacco

- ethanol in alcoholic beverages

- wood dust

- leather dust

- solar radiation

- ionizing radiation (wifi is NON-ionizing)

- asbestos

- UV radiation (including UVA UVB and UVC)

- soot

- outdoor pollution and inhalation of particles.

**tl:dr. Stop worrying about things that *might* possibly give you cancer when there are plenty of things that you will encounter on a day to basis that are *known to increase your risk*. Its not worth the headache**
"
t3_4qu0ud,post,0,0,0,0,0,train,"I doubt anyone would argue against his talent. However, I repeatedly see the argument made against him as a top 3 pick because his offense isn't good. It follows that they will fall behind in games and abandon the run, or in general, not get close enough for easy touchdowns very often, effectively diminishing his opportunities. There are several examples of this happening last year. However, I'd like to counter that the Rams offense has had enough turnover that we should not assume it'll turn Gurley into a bust.

A rookie quarterback is not ideal, but Goff is an unknown. He could surprise us with his play. However, even if he has rookie struggles, it's probably safe to assume he is an upgrade over their situation last year given his pedigree. 

In the 2015 NFL draft, the Rams took 4 offensive linemen. It takes time for a line to play well together and perhaps all of this young talent has developed since last year.

The Rams receiving corps also has promising new additions. [Mike Thomas] ( should start as a rookie outside receiver and is one of my favorite deep sleepers this year. [Pharoh Cooper]( was an productive college player, and could be a good slot receiver. [Duke Williams]( had maturity issues in college, but is a big physical player who could develop into something. I've heard mixed reviews about [Marquez North]( but he is another big target. 

Tavon Austin had a career year last season. Yes, he has underwhelmed based on his draft expectations. But, it seems like the Rams are finally starting to utilize him better. Faking sweeps to him while handing off to Gurley helps distract the defense. 

I'm not arguing that the Rams will have a top 10 offense. I'm only arguing that they have heavily invested in improving the offense the last couple of drafts and we should not pretend to know how it'll perform based on last year's roster.

TL;DR; The Rams have invested in the offense a lot in the last two drafts. Take Gurley with confidence, we cannot assume the offense will hold him back given its potential turnover and development."
c7ofm0w,comment,0,0,0,0,0,train,"I can't say I like Smith's era more than Tennant's. Moffat was a writer on the show long before he took over, and wrote some of my favorite episodes like the Girl in the Fireplace. But personally I think he's much better writing one offs like that. His plots are beautifully devised and intricate and have satisfying conclusions, but I think they work better in short bursts, such as individual episodes or mini-series like Sherlock. That kind of complexity applied to entire seasons makes the show a bit too complicated and almost contrived, like he's trying too hard to weave plot devices like Russell T. Davies did in the first several seasons. Bad Wolf blew my mind. The Silence was dragged out too long in my opinion. I'm not saying I don't love the show still, or that I don't wait anxiously until the next episode, but I miss the feeling of the Davies era and the juxtaposition of the fun bubbly spirit and the Doctor's inner pain. 

Tl;Dr: The show will always be Doctor Who and be amazing, but I miss it as it was. "
c6wsf55,comment,0,1,0,0,1,train,"&gt; I'm sure that I haven't covered all the bases for why someone might be a gnostic atheist, so if you have other grounds for that belief, I'd be happy to discuss them too!

You may have missed 'knowledge based upon evidence' as a reason to support gnostic atheism.

I am a gnostic atheist towards the monotheistic God of Islam, Christianity and Judaism, because I know (have knowledge of), to a high degree of reliably, that the monotheistic belief in Allah/Yahweh is based upon a foundation of a revealed polytheistic Pantheon of Gods; and as such the foundational belief of monotheistic Yahwehism (for Judaism, Christianity and Islam) is false and all the theistic belief that is built upon that foundation is also false/untrue.

A foundational belief in the Abrahamic religions (Judaism, Christianity, Islam) is that Allah, God, or Yahweh/YHWH, is the only true revealed God. As this is also the core of the Tanakh (Judaism), Bible (Christianity), and Qur'an/Koran (Islam); questions concerning the source of, and the validity of, this monotheistic Deity would raises significant doubt as to the Holy Book's validity as the word of God/Yahweh/Allah. Yet, within the Holy Scriptures of predecessor Ugarit and Canaanite, and early Israelite religions/societies/cultures, the evidence points to the growth in the belief of the monothesitic Yahweh God from a polytheistic foundation of the El God pantheon in the ancient Ugarits and Canaanites who became the early Israelites. Yahweh (son of El, the Father God) was a subordinate fertility/rain/warrior local desert God whom, through a process of convergence, differentiation and displacement (synthesis and syncretism), was elevated to a monolatry and then to a monotheistic Deity.

Evidential sources related to the development and growth of Allahism/Yahwehism:

* [Israelite Religion to Judaism: the Evolution of the Religion of Israel](
* [The evolution of God](
* [Ugarit and the Bible](
* [The Ascension of Yahweh: The Origins and Development of Israelite Monotheism from the Afrasan to Josiah - PDF warning](
* [The Early History of God: Yahweh and the Other Deities in Ancient Israel]( by Mark Smith
* [The Origins of Biblical Monotheism: Israel's Polytheistic Background and the Ugaritic Texts]( by Mark S. Smith 
* [A History of God: The 4,000-Year Quest of Judaism, Christianity and Islam]( by Karen Armstrong
* [The Religion of Ancient Israel]( (Library of Ancient Israel) by Patrick D. Miller
* [Religions of Ancient Israel: A Synthesis of Parallactic Approaches]( by Ziony Zevit

TL;DR Yahweh/Allah/God is claimed to be the only true God (ex., “There is no god but Allah”/“You shall have no other gods before Me""), yet significant physical archeological and linguistic anthropological evidence documents the doctrinal growth of Yahweh/Allah from a subordinate rain/fertility/warrior Deity in a large polytheistic pantheon of revealed and worshiped Deities into a politically and militarily motivated monotheistic Deity belief system. In other words, the evidence points to monotheistic Yahwehism/Allahism as a human-made concept and not as a self-revealed monotheistic Deity. As such, the attributed monotheism of Yahweh, as the prime foundation for Judaism, Christianity, and Islam, is so inherently flawed that these religions are rendered demonstrably invalid. "
cq8us4r,comment,1,1,1,1,1,train,"I know you jest; but PSA: Horses can be dangerous, flight-prone creatures.

I once went camping with my parents (who have horses). The plan was to hike about a mile and a half into a lake where we would set up camp. My mother decided to take one of her horses as a pack animal. In hind sight, she placed to many items in the saddle packs of the horse. As my parents and I hiked into the lake the unevenly packed items began to shift, which in turn caused the horse to panic. In an instant my mom tried to steady the horse but it was too late; the pack and equipment slide upside down causing the horse to rear up and knock my mom down. The horse landed only a foot or so from her head before bolting off into the woods and arcing back towards the trail and took off out of sight.

My mom was hurt; the horse was gone with a malfunctioning pack and everyone was trying to figure out what to do next. After making sure my mom was okay I took off after the horse; but after a couple of miles up the Pacific Crest Trail; I turned around so I could help my mom stash the expelled equipment in the forest (lest someone would steal our stuff), escort my hurt mother back to the trail head then drive several miles to where the horse would eventually come out at. When we found the horse she had a serious laceration on her ankle; causing her to limp the entire way back to our trailer. Later we found out from the veterinarian the extent of her injuries: she was extremely close to having to be put down due to her injured leg.

In the end everyone was okay; and the horse survived (though our entire camping trip was ruined).

**TL;DR: Horses will flip shit and murder-suicide you or your family.**"
cixotqg,comment,0,0,0,0,0,train,"The list of Rugby games isn't too long, but these are probably your only choices:

[Rugby Challenge] ( also known as Wallabies: Rugby Challange, All Blacks Rugby Challenge or Jonah Lomu Rugby Challenge depending on where you live. It only features 4 international licensed teams (Australia, New Zealand, USA and Georgia) and 20 unlicensed international teams. It also includes various domestic comps from around the world (although I'm unsure if these are licensed or not) and a career mode.

It's sequel, and the latest rugby game to come out is [Rugby Challenge 2: Lions Tour Edition] ( which came out in 2013. I believe that it has the same licenses and comps as Rugby Challenge but it adds a few updates, features and tweaks to the gameplay.

[Rugby World Cup 2011] ( has more licensed international teams but I don't think it has any domestic competitions or a career mode.

Honestly I haven't played any of the above games enough to tell you the gameplay differences between each, but I've played Rugby Challenge the most and enjoyed it. I would recommend it's sequel, Rugby Challenge 2, if you haven't played any of the above purely because it is the most up-to-date game and was able to build on top of a prior game.

TL;DR: Pick up Rugby Challenge 2: Lions Tour Edition for the gameplay features, domestic comps and career mode. If you want licensed national teams over features then I would suggest RWC 2011 purely because it has more licensed teams, although it has no domestic comps or career mode.

Although if you have a PS2 then I would have to recommend Rugby 08. It may be ~7 years old but it has the most licensed teams, a RWC mode and domestic competitions as well.  "
c24susm,comment,1,1,1,1,1,train,"I have treated patients with opioid-induced hyperalgesia and there are few other things in medicine that seem to cause so much suffering.  The worst case I ever saw was a man in his early 40s who had been started on opioids about 20 years prior following failed back surgery for a compression fracture (secondary to a construction accident, if I recall correctly).  He was started on chronic opioid therapy, and as the mistaken idea that chronic opioids could do no harm took hold in the late 90s, his doses were continuously increased as his pain got worse and worse.  I encountered him to admit him to the hospital for a pain crisis.  At this point, his primary physician had gotten him on elephant doses of 5 different opioids that were on the order of 1000-10000x what would be prescribed to an opioid-naive patient.  Particularly concerning was that he had a PICC line, which is basically a long central IV placed for long-term IV therapy outside a hospital, through which he had been self-administering meperidine at neurotoxic doses, reportedly for years.  He was basically screaming from whole-body pain until it exhausted him throughout his hospital stay.  Light touch to any part of his body would make him withdraw in agony and he was wheelchair-bound because walking was too painful.  I consulted a pain specialist, who agreed with my diagnosis of opioid-induced hyperalgesia, and we explained to him how his opioid medications were the likely cause of his current situation.  He would have none of it, he and his wife insisted that he needed more medication to treat his current pain, and when I refused to continue medications beyond his home doses (I had briefly tried some opioids at higher doses as a temporizing measure to get the pain consult, but they had zero effect), they ended up leaving.  We tried to convince him to seek out an inpatient pain-treatment program like the one described at Mayo (I believe there are only 4 such programs left in the US, because they generally lose money for hospitals), but it only angered him that we were to suggest that he was an addict (we said no such thing) and he had no interest in anything but getting more of the same from his primary.  The fact that the other doctor was board-certified in Pain Medicine was not important, clearly she was ""not up to date on the need for narcotics for people in pain.""  For all I know, he's still in 11 out of 10 whole body pain while shooting up Demerol and chugging bottles of Roxanol.

The worst thing is, his primary physician was highly regarded at my hospital, and for most things medical, was actually one of the best physicians around.

**TL;DR** Opioid-induced hyperalgesia is hell, and well-meaning physicians and patients both can be obstacles to getting it under control."
cp528qq,comment,0,1,1,0,1,train,"I'm not saying that they all do it, but a lot of fathers on Reddit seem to think that their daughters need to be locked away from boys their entire lives. That as soon as she takes an interest in someone she's doing everything she shouldn't. They take away their freedom because it's ""best"" for them.But honestly if you give her no freedom like my dad does to me, you're going to fuck her up. I tried to tell my dad that I was having boy troubles once and he took my laptop, tv, and phone. He drove me to and from school just to make sure I was where I said I was. I have never done anything to male him not trust me except for being born a girl.Tl;dr don't be a dick, give her some freedom. Don't treat her like a prisoner."
t3_2gj17w,post,1,1,1,1,1,train,"Because of financial reasons I chose to enroll in my local community college in the hopes of transferring to a better school than those I was first accepted in last year. On paper, this seems very practical: saving tens of thousands of dollars, little risk of changing major, practicing good habits before university,  but one thing I did not take into account was how living with my parents would be a hindrance to my experience in college. They still impose a strict 10PM curfew even when I rarely go out with friends during the week because of ROTC in the mornings. I am even the one responsible for giving my brother and sister a ride home from their schools and yet my mom does not budge in her crazy rules. I believe this will really get in the way of having an active social life and I don't want to be thought of as the guy who still has a curfew. My grades are stellar and I am on track to transfer on time so I see no reason for my parents to mandate such a unreasonable rule. This problem only makes me want to transfer ASAP because it's coming to the point where either I give in to these rules or find somewhere else to live (which is currently impossible due to the lack of financial aid/money). I'm getting really tired of this.

**TL;DR: Parents still enforce a strict 10PM curfew even when I keep my grades up and am in no risk of danger or doing anything dangerous. I am worried that it might get in the way of my social experience in college**"
t3_2js5e7,post,1,1,1,1,1,train,"I'm a student from India currently in my senior year of a CS degree. I was hoping someone could just look through my profile and help me out? I've been a bit of a train-wreck over the past month worrying about this. I'd really appreciate it. I'm applying to a Masters in Computer Science and my primary focus would be AI.


* I gave my GRE in August and got a **327** (167Q, 160V, 4.5AWA). 


* My GPA hasn't been great. India uses a percentage system so I have a 60% over the past 3 years. Problem is I have to re-appear for the finals of both my Microprocessors and Advanced Microprocessors classes. **Edit: For reference, the highest percentage (for the class of 2015) is 75%.**


My explanation for my GPA is that the entire curriculum here is based on rote memorization. I don't know how this comes across as but I feel rather strongly about this. It doesn't feel like anybody is ever actually learning anything.


* I've been conducting various workshops and seminars in college over the past 1.5 years. Webdev basics, Basics of Game AI, Introduction to Git etc. Does this add to my application significantly?


* I expect to get good recommendation letters from my college professors. One of the professors whom I've approached expressed his surprise that I hadn't been doing well in my exams because he considered me to be one of the best students in his class. But he's still more than happy to write a letter for me.

* There's some other stuff that I have. Personal projects, project head for a CS committee. Participated in a bunch of hackathons, managed to secure a college-high rank (300 globally, previous best was 650) just this past weekend. A remote internship.

---------------------------------


**TL;DR:** 327 GRE, academics aren't great (according to the Indian grading system), teaching experience, a bunch of personal projects, hackathons participation. Can manage funding by myself. Chances?


---------------------------------

Questions:

1) Should I mention the reason for my poor GPA in my statement of purpose?


2) Should I email any professors from universities that I plan on applying to? Does this benefit my application?

---------------------------------

**Edit 2:** Read previous posts about this but we use a different system here (the highest anybody has ever gotten in the grading system's history is probably an 80%) so I don't know how to judge those posts."
coabjy4,comment,0,1,0,0,1,train,"I really like your interpretation. That said, I honestly don't have any problems with the actual events and plot of the prequel movies. I actually really like WHAT happened. What I didn't like is the parts they chose to focus and expound upon, and also how quickly some things were rushed (Anakin's turn to the darkside in particular, he went from kinda rash, assholish good guy to personification of child-killing evil in like 5 minutes). The other problem with the films is that the dialogue was mediocre bordering on bad at points, and a lot of that mediocre dialogue performed poorly, making it worse. 

I think the only characters that were performed very well were Obi-Wan and Palpatine (mainly before becoming the emperor, but he seemed genuinely untrustworthy and fake, which is the gist of that character). I kinda liked Qui-Gon as well, but he was stuck in the worst of the three movies as far as dialogue and performances, and killed at the end of it. I think Anakin (Hayden Christiansen, not the kid, that shit was 100% awful) bounced between really good, and downright terrible. I think the scenes where he was confused or angry were the best performed, because he does ""Frustration"" really well. I think his main downfall is that his natural speaking voice is very dry, low, and somewhat monotone, because even though his acting isn't as terrible as some people like to think, it makes him sound somewhat robotic. He's got that Keanu Reeves thing going on where due to his voice and face, all of his characters seem the same, even though he's not performing badly. 

Sorry for ranting so much, but your new plot kind of made me compare each piece to what was actually made, and pick apart why I didn't like the movies, which wasn't due to the plot, but the execution. 

TL:DR Your plot would be awesome. Movie plots weren't all that bad, but the movies weren't great for other reasons. "
t3_1e76n0,post,0,0,0,0,0,train,"I have heard from a few different people now about experiences when they are ""deep"" in meditation. I have been meditating seriously for about 6 months now, and for me to sit on the cushion is simply to focus on my breath and then bring myself back when my mind wanders. I am beginning to see the subtle differences in how I perceive my own thoughts, which is amazing. However, I have heard a few different people talk about being deep in meditation while sitting, which confuses me. It sounds like people are in some sort of trance, or somewhere that is not right on the cushion where they are sitting or wherever they are. Am I missing something here? Thanks in advance.

tl;dr Don't know what ""deep in meditation"" means, I thought we were just sitting and focusing on our breath/body. Any insight?"
t3_whekp,post,0,1,1,0,1,train,"Hi there guys. First of all I am new here so if I am breaking any rules please let me know. 

Now then, I have been on and off airsofting for years, and I am in the casual, having fun, getting friends together and shooting each other on the weekend category of airsofter. I always thought gas pistols were cool, but the last time I bought one, (the KJW Mk.1 GNBB), it broke after a couple months (which was really disappointing because it performed quite well for the time it did work). At this point me and my bro have some spring snipers and pistols and a couple AEGs (we are the main suppliers for those without guns) and I am feeling like a gas pistol would be a fun way to mix it up.  

Getting to the point I was hoping I could get some recommendations for a GBB handgun. My main requirement is durability and lifespan. I don't need something with extreme fps, and I don't want to shell out for the best of the best. My core necessary requirements are:

* Durable - a gun you have had for many years and still works great would be a big selling point to me
* reasonable fps - no less than say around 300 fps with .2g (350 would be about perfect) and too not much more (I really wouldn't want more than 400 fps because let's be honest here those super high power guns hurt like hell and it kills the let's go have fun atmosphere)
* reasonable price - lets put a cap around 150$ (although I could be convinced to go up to no more than around 200$
* Propane/Green Gas powered - (could be convinced otherwise because I don't know too much about gas guns, but I have the adapter thing for propane from my last gun and propane seems cheaper than CO2)

and really that is it. High mag cap and not being a complete gas hog would be nice too, but not really necessary. (I know GBB are much more so that GNBB, but the cool factor of the GBB outweighs my want in this case)

Thanks for any help, and sorry for the long post!

**TLDR; What is the best gas gun you would recommend for around or under 150$?**


"
t3_3ignaa,post,1,1,1,1,1,train,"Let me star by saying that I’m not a young fid at sci-fi and fantasy world, I have read most of the classics and I consider myself to be a hard to impress guy where books are concerned, that being said:

WOW!

Anathem blew my mind!

Let me start talking about the structure and, as the title explicitly tells you, there will be massive spoilers ahead. Structure-wise this wonderful book builds up a massive world with its own story and in a funny way it tricked me into thinking that I was reading about future earth…

Oh boy, was I wrong!

It got me from the start, charismatic main character and well paced story, weaved with science concepts well explained and exposed, so, structure: Builds a world, introduces a strange-but-somewhat-familiar society and you start to think “Well, this is going to be like this, an adventure revolving around these people.”
That was my first mistake because right when I was madly in love with Orolo, Neal kills him! Not really but you get my point… And after killing him, surprise, we are starting to talk about aliens!

So things got strange, this should be an adventure on a strange land, no need for aliens right? Yeah, right, and turns out the aliens were not from another planet, they were from another dimension!

Long story short, Orolo dies again and we discover things, and, by this point I was starting to think that maybe, only maybe, the thousanders could change reality. Turns out they could live other realities (correct me if I’m wrong here).
So, structure introduces you themes and change them while story is unfolding! (Here I should say that Neal Stephenson is a bold writer! See Seveneves and watch thousands of years gap unfold a lovely conclusion!)

And the story is a masterpiece! Funded by not only hard sci-fi but using string theory and correctly connecting narratives with sounds and chants, deriving Arbre from a perfect Platonic world should give him a prize! Can’t think of any other book that exposed so many philosophic and scientific themes as elegantly as this one, a true masterpiece!

TL,DR

After Anathem, I don’t think any other book will be as good… Any sugestions?"
chn4s1a,comment,0,1,0,0,1,train,"Yep, this happens.

I find it happens the most when I know exactly what it is I should be doing. I know the gist of what I want to write, I know the experiments I should run, I know what result I'm looking for, and for some reason I just don't do anything. Sure, I'll make some grammatical or stylistic changes to a paper, or I'll start running some code that will take hours to get results, and then I'll just ""take a quick break"" that turns into browsing reddit for 4 hours.

Before I know it I'm getting hungry, so I save my ""work"" and go home, cook dinner, have some beer, watch some netflix, hang out with friends, go for a run... meanwhile, I can almost *feel* the work that needs doing, camped out in my brain like a needy ex that just won't leave me alone.

Anyway, I digress. Honestly, the best way that I've found to deal with this situation is to give in to the procrastination fully and just completely ignore work for a while. As lateralus555 says, external motivation can be tough to come by. The benefit of this is that you can often set your own hours and do what you think needs doing. 

Which do you think your PI would prefer: you coming to the lab and putting in face time for a week, all the while accomplishing little and feeling depressed, demotivated, and guilty? Or would it be better for you to take a day or two to yourself to do something completely unrelated to work, and then spend the rest of the week refreshed and ready for action?

I can't guarantee that this will work for everyone, or even be an option for everyone, but I find that it's the only thing that helps. I actually just went through this recently, and spent the entire day lying on the couch reading Hugh Howey novels. It was glorious.

The other thing that's great for motivation is attending conferences. It's a combination between taking a break and getting excited about your work, and it's probably seen more favourably than just flaking out for a few days. Bit more lead time required though...

**TL;DR: take a break and do something that you love that's unrelated to your degree.**"
t3_2oud1f,post,1,1,1,1,1,train,"Advanced Warfare is fun, different, and a nice change of pace for the series. But I busted out the old 360 today to play a little MW2, and ended up playing a lot of MW2. I really started thinking, what was it that makes MW2 (to this day) more enjoyable for me to play than Advanced Warfare. After thinking long and hard it comes down to one central idea that no other call of duty has nailed on the head the same way MW2 did...

**Map Design**

Since MW2, no call of duty has had a ""bottom of the stairs on Skidrow"" or ""Trench on wasteland"" or an ""alleyway on favela"". Everything has been changed to create ""balance"", designed to give everyone a fighting chance, and to remove overpowered positions on maps. This is ridiculous. When skidrow comes on MW2, I make it my soul effort to get to the bottom of those stairs first, I create other sacrifices for both myself and my team to gain this advantageous position. Half the battle was knowing when, where, and how to obtain this advantageous positioning. In AW (or BLOPS I/II, Ghosts, MW3) these spots were simply removed because they create an ""unfair advantage"". I hate this, the lack of power positions changed the game completely and forever. I don't plan on buying any of the DLC, but please Sledge Hammer take note of this, a good spot that is hard to get in is not overpowered, its what makes the game fun.

**TLDR: Sledgehammer thinks that bad maps create ""unfair"" advantages for good players, putting ones self in an advantageous position does not create an unbalanced game.**"
t3_1hw17y,post,1,1,1,1,1,train,"I want to reface this with a statement: I have never read or been into comics before and so if I say some cringe worthy statements, please keep that in mind. This is my first experience with comics. 

So I recently went to a flea market and picked up a compilation book by marvel, The Essential Punisher vol 1. It mainly consists of early appearances of The Punisher in Spider-Man, Daredevil, and so on. This read really turned me onto comics and I'd really like to know, is this the way to start on a series? There are no comic book stores in my area so the only way for me to acquire comics would be from an online source. Through some quick searches I can see most comics have compilation of books of some kind or another. Are these books good ways to start on a character or is there something better. 

Now more specifically after reading the Punisher book I recently picked up I'd love to see the other side of the comic world, DC. Where would a person start to look for Jonah Hex stuff. Is there a certain something I should look for. What do YOU recommend?

tl;dr I read some Punisher, now where do I start with Jonah Hex?



EDIT: For a bonus, if I wanted to read Deadpool or Green Hornet, where do I start with those. The more comics the merrier."
cdk09wf,comment,1,1,1,1,1,train,"Something like this almost happened to me. Jefferson County, FL. Officers searched my car because there was an apparent ""odor of marijuana"" (even though I don't smoke). They searched EVERYTHING in my car, even though they are only allowed to search what is in plain sight based off smell as probable cause. I am the treasurer for a non-profit organization, so I was carrying a box of checks with me as well, which were promptly photographed. They also found ""loose paneling"" in my trunk, which had supposedly been used by the car's previous owner to transport large quantities of marijuana. 

After finally being let go I tried to file a FOIA request with the Sherriff's Department, and I was kindly told that no documentation existed of the stop. 

TL;DR: Jefferson County, FL has completely forgotten the Fourth Amendment. "
t3_2ag8nv,post,0,1,0,1,0,train,"Dear New Person in Charge of Banquet Communication,

You suck at your job. You are very very bad at it. You are incompetent and ill suited to your assigned duties. This is not entirely your fault, you have received virtually no training, and perhaps even less direct instruction.

Things you should know to do in the future:
-Put out enough plates for each guest to have one; less than that is frustrating for the wedding party.
-Take 5 minutes to print up buffet tents so that people know what they are eating, not everyone got the memo that the fish was fried and the chicken was baked.
-AT SOME GOD DAMN POINT BEFORE I HAVE ALREADY COOKED THE FUCKING FOOD TELL ME THAT THE NUMBER WENT FROM 150 TO 91! Otherwise, I WILL HAVE COOKED ~60 EXTRA PORTIONS OF FOOD!

DO NOT:
-Blame your predecessor claiming ""She knew before she left."" because even if this is true, and it is almost certainly not, IT DOES NOT STOP IT FROM STILL BEING YOUR GOD DAMN JOB TO CHECK YOUR INFORMATION AGAINST MINE!
-Keep insisting that the information on YOUR Banquet Event Order (BEO) is correct thus implying that it's my fault that the correct information was not communicated to the kitchen staff because IT IS LITERALLY THE NUMBER ONE FUNCTION OF YOUR JOB TO MAKE SURE I, ME, THE MOTHER FUCKING EXECUTIVE CHEF HAS THE RIGHT GOD DAMN NUMBERS ON THIS SHIT!

Here are a list of things I would like to say to you in person, but will not, as it would make you cry, quit, kill yourself, get me fired, any combination of these, some I couldn't care less about, others, one, is a serious concern... to be clear my concern is keeping my job, there is no way I would spend more than 10 seconds feeling bad if you killed yourself, honestly, please die soon.

-You are a fucking idiot.
-It is easier for me to believe that you having this job is more directly the result of the GM trying to fuck with me than it is any possible talent or education you might possess.
-How can you possibly imagine that you are going to be able to continue to do this job? No one here likes you, no one respects you, and no one is going to respect you so long as you keep fucking up like this and everyone has every expectation that of course you will.

::rage has abated and I will now cease the pretense of letter writing::

TL;DR Bitch fucked up, I cooked a lot more food than I needed because bitch fucked up. RAGE! Acceptance.

The End

Epilogue

It has recently come to my attention that a function last night was sponsored by one our members to the tune of free beer and wine for 50.  The billing instructions were, again, not communicated to myself nor were they communicated in any direct way to the FoH staff.  As such, members were billed to their accounts as is the norm for these events.  Said member came in today looking to pay her tab and was first embarrassed that our members accounts were charged, with some even paying cash at the event, and second extremely agitated at being embarrassed. I was forced to apologize profusely and make promises that the bill will be reconciled to her previous expectations. We didn't even get to the point that I don't think anyone ever told her the price for the food increased by 60% when she added chilled shrimp at the last minute.  I can't wait to jump on 
that grenade too. "
t3_2p2qwm,post,1,1,1,1,1,train,"So I currently have a 1520.3 that I bought off Newegg not too long about because it had all the features that the ATT version didn't have (Qi Wireless Charging and 32 GB of storage and unlocked). I kept my device on T-Mobile because that was what I already had before. When AT&amp;T/Software finally released their WP app, I switched my number over to attempt to install the app. It worked, however when it came to setting up my account, after inputting a new PIN, I was greeted with the alert that my phone was not compatible with this app and promptly kicked out to the main screen.  I believe this is because it's the international version not branded by AT&amp;T, and with Software there are so many caveats to the type of phone you're able to use.   
  
With this, I don't see the point in waiting for the T-Mobile version of the app anymore, as most likely my device still wouldn't be compatible. Currently a promotion is running for $50 off the price of the M8 with a free Xbox Edition of the dot cover case; I find this as good a time as any to make the switch. Those that may have used the 1520 and the One M8, what are the pros and cons to making this change and how shitty is that M8 camera really? Keep in mind I'm coming from the glorious 20 MP PureView camera that is on the 1520.   
  
TL;DR: No Softcard ware support on AT&amp;T with international version of 1520. The M8 has a shitty camera. On the fence about buying it as I consider it a downgrade, but would really really like to tell Apple users that I can do the same damn thing!"
t3_3l7a8o,post,1,1,1,1,1,train,"I was in San Diego visiting a friend.  We had gone down town to Tivoli Bar &amp; Grill for a few cocktails and were on our way back towards his place when a commotion caught my attention about 15-20 yards ahead of me.

I saw two young ladies leaving a bar in a hurried fashion and a male following behind.  The ladies were trying to get into a cab and as the male came up behind he tackled one of the girls into the side of the cab and then started to get up and took a swing at the other girl.  At the time he took a swing at the girl I was within 10 feet of him.  I pushed him to the ground, cleared his legs and went straight to knee on belly.  I had his left arm pulled up and was holding a light wrist lock on him to keep him under control.  There was a lot of ""Get the fuck off of me, dude!"" and ""What the fuck, Bro!?"" from him.  Some other guys standing around were trying to justify his behavior by saying you should have seen how many times those girls hit him inside the bar.  I replied that it didn't matter, men don't get to hit girls.  I then felt a tap on my shoulder and one of his buddies was saying just let him up and there won't be any problems out of him any longer.  I agreed and handed him off to his buddy just as I was doing that, three police officers arrived on scene.  I walked away and have no idea what the outcome of that young man's night was.

The thing that was most profound to me in the entire situation was how calm I was through the whole interaction.  I am someone who has only been in a few fist fights in my life (when I was much younger and before BJJ) and always got nervous about it.  I also get anxious before any competition, even today.  It took me a couple of day to realize what was weird about that interaction.

tl;dr - I used a knee on belly to subdue a young man who tackled one girl and took a swing at another in order ot help the young ladies get in a cab and get away from him."
ceuns3x,post,1,1,1,1,1,train,"So I go to my Sneak Peek with two friends, one was planning on buying the mat, the other on buying a sneak peek. 

We get there and are in line for the sneak peek, when friend 1 sees the mat and says it isn't as good in person as it was in the pictures, and that he would probably still buy it because he still needed a mat anyways.

I was the first one of our friends there so I was in front of the other to so I tell it him to get in front of me to get a better look at the mat, and he says he doesn't like it, so I convince him to buy a sneak peek for a chance to pull something good. 

He agrees (Still in front of me) and gets the sneak peek that would have been my packs, and lo and behold in his first pack he pulls Exciton Knight that would have been mine had I not convinced him. 

I open my packs that would have been my other friends and pull a Downerd Magician (The one card I needed from the set), and a Skill Prisoner (The one card my other friend needed.)

So thats my story. Fun times.

**TL;DR I convince friend to buy a sneak peek instead of the shitty mat, gets my packs and pulls Exciton Knight**"
t3_5201ck,post,1,1,1,1,1,train,"17F/5'3/SW: 167/CW: 140s/GW: 117

Hello all! I started my weight loss journey in January, worked gradually down to 138 in August, and, wanting to take advantage of my new body, I joined cross country! I'm a senior this year and it's the first sport I've ever tried. 

I was planning to maintain during the season so I could be competing at my best, and I am honestly pretty jealous of my itty bitty teammates that clearly don't track calories and maintain a runners body, so I decided to try just listening to my body and eating whole foods when hungry. 

I adore fruit and get 4+ servings a day. I've trained my brain to crave bananas and apples instead of sweets. It's great, but those fucking bananas, they get me. And the chocolate milk and peanut butter, of course. 

So I'm back up to 144 now :( I fell into the ""I'm an athlete, I need fuel!"" trap. Nbd tho, I'm disappointed but I can deal with it. 

I keep thinking about running xc in college and telling my teammates I used to be 50 lbs heavier :) my goals are keeping me up! 

So, PSA/Tl;Dr: it's okay if you accidentally eat too many bananas and gain a few pounds. We'll get them off!"
c7tn5ig,comment,1,1,1,1,1,train,"I couldn't agree anymore. I like the newer people just fine, I met Ray and Michael at Comic-Con and they were stand-up guys (Michael even recording a new voice-mail message for me) but I just don't like the whole phasing out of the older members. I know obviously it is going to be said (since it is in fact true) that they are expanding in general and just putting more people into it, but as I ~~bitched~~ explained in other posts earlier the podcast suffered from this.

I find the same issues (in my opinion, which is apparently in the vast minority on this sub, and we know how that goes) happening now. What I have been saying is that with the podcast and other entities like Immersion, everything was much more casual.

*  In the case of the podcast it was just a bunch of friends/co-workers shooting the shit. I know they have more people working there now and they are good people in their own respects too, but they seem to be *trying* to be a personality. And this is what I have noticed in more stuff by them too. 
* Whether it be everyone trying to make Gavin the idiot who just says funny words and is a complete dope, Barbara butting in to make stupid jokes and puns (and I don't mean lame ones, those are funny, but trying to shoe-horn comments in gets annoying).""Oh Gavin's doing an Achievement Guide, cool!"" Then it turns out to be someone just trying to be funny with Gavin by forcing stuff and **not even addressing the game** which has become a bigger issue in my opinion. 

And I just want to say that I do like almost everyone involved with RT including the ones I complained about. It is just annoying when it appears people are trying to force something to develop instead of letting it develop. Just another thing that bothers me personally: Joel is my favorite member of RT, not because he's ""Just so whacky!!1!"" or ""*Caboose* really is Joel!!!"" but because from all of the podcasts he was/is on he seems to be a real funny/smart guy who has interests similar to mine and is REALLY knowledgeable in regards to economics, gambling, etc. So I get disappointed when I click on a video seeing that Joel is in it and then he is just channeling Caboose the whole time. I don't even watch RvB, I watched the first two seasons after I discovered RT (from their shorts and guides) and didn't think it was for me.

Anyway, those are just my 2 cents on this whole ""hot button"" issue.

tl;dr: Let character develop naturally, don't force it. .It is the most important thing in these kind of environments. If Michael wants to RAGE 24/7 in everything he's in, then let him, but don't lead him into that sort of stuff if it isn't natural."
t3_3iaqrj,post,0,1,0,0,1,train,"I have a speaker system with a subwoofer. It was only $40, but I really appreciate that punch and depth the sub gives to my music. Especially metal. 

The problem for me, however, is I've recently purchased a pair of SoundMagic over-the-ear HP100s. They're known for their neutral sound signature and soundstage. They're quite great when I play dance music or anything electronic, but the moment I play metal or anything guitar-driven it starts to sound flat. The only thing I can think of that it's missing that my speakers have is a sub. 

Some people might suggest an equaliser, but I've yet to find one that actually does justice to metal music. I've experimented with equaliser settings for hours and hours to find the perfect template for metal, but it always ends up drowning out certain elements of the metal song. Speakers never do this, so I'm put off using an equaliser. 

tldr; headphones while great with most genres, make guitars sound flat in comparison. When I try to use an equaliser to compensate for this it drowns out certain prominent elements of the track. "
t3_hnrs6,post,0,1,1,0,1,train,"I got contacted by another Redditor about a post I made in r/ForHire, offering patent drawing services. Now I should explain that I have done this kind of work before for other Redditors, and have a very high standard of quality. 

The difference is that my past clients were inventors, who don't really care about backgrounds, whereas this guy is a patent lawyer, mechanical engineer, ex-Lockheed Martin employee who's worked on the F-35 and Patriot missile systems, and is asking me for a resume. I'm 21 with a GED, no formal employment history. Patent drawing is not my profession, it just so happens that the projects I work on use the same tools all day long, and I started by making drawings for my own patent applications.

I'm 1000% certain I can do the job easily (he has already explained the task), how do I make sure I can get the job without him focusing on my lack of a relevant resume?


**TL;DR The gap between our backgrounds is intimidating, how do I make him overlook it?**"
t3_2ryemd,post,1,1,1,1,1,train,"Was playing a good 4 hour session on hard point and then I happen to run into this teammate who was complaining. 

Now this is typical, peeps complain about a lot of stupid stuff in game chat so I just laugh at him. However, this one was special. We were winning at the time 72 - 221 with 4 minutes left and all the sudden he starts complaining about probably the most retarded thing I've ever heard. He was complained about how we need to get off the points and just kill for the reminder of the game. When he said that I didn't think much of it and stayed on the point, seconds later he just loses his cool and calls me out being a idiot,  random(why is this a insult), etc. 

I promptly told him that this is the main objective and that if I just wanted to do just kill I'd play TDM and so should you. He brags about being in the top 25 and that I have no idea wtf I'm talking about. I'm in tears at this point(of laughter) and I just call him a moron before muting him.

Tldr teammate got angry for playing the objective"
c2tc9ic,comment,1,1,1,1,1,train,"In 'public appearance mode' he was **absolutely awesome**. He took questions for about 45 minutes - had the crowd in stitches. He's funny, and somewhat snarky and just a hoot. I asked him a question about baking gear because my daughter and her friend are baking fools - he gave us shit because we didn't bring baked goods for him (daughter came down from college after her math test just in time for the signing and she doesn't have a kitchen at school or she WOULD have brought something).

He moved families with children to the front of the signing line so they didn't have to wait for the 300 or so people who were there. He stood instead of sitting, so he looked us in the eye. People went up to him 'individually' (or in our case as a group) and he took plenty of time with everyone. He signed ALL THE THINGS (drew an AB face doodle in my daughter's wooden spoon). Chatted with everyone (hence the mini-conversation about Doctor Who). He had an assistant close by who would take your camera and take photos while you were interacting with AB and a nice posed one after. So we have a whole set of really good photos from our moment. This was the best celebrity appearance/signing I've been to. 

Frankly, that's all he owes me as a fan. I'm willing to bet if he was a dick to someone, they did SOMETHING to warrant it. [I've read the 'fanifesto' on his blog]( and I agree with every bit of it. I've seen a lot of the shit people have given him for it and I have a pretty strong feel for where the dickishness lies in that exchange...

TL/DR: Personal account from a fan perspective, AB was absolutely awesome
EDIT: embedded the link - thanks, zeekar!"
t3_qf0so,post,0,0,0,0,0,train,"I'm a project manager for a contruction company. Part of my job is quality control of the installation. When I walk the job site I like to mark the plans to show what has been done at a specific date and what needs to be corrected. Right now I'm doing all of this with paper and pen on a set of paper plans.

This means that I have anywhere from 3-8 three ring binders full of documents on me so I can answer questions from my subcontractor at any time.
What I want to do is access all of the pdf files on our corporate file server and mark those drawings up from the field so that everyone internally is aware of progress without having to sit down for day long meetings every month.

TLDR; I want to access and mark-up PDF docs from a corporate file server from the construction site. How would I do this with an iPad?"
cn55vvr,comment,0,0,0,0,0,train,"The fact that it's spread across the entire world might actually make it less of an issue individually. The mail would pile up along each step of the way, and might be held if it becomes an issue or someone realizes what's going on.

I think it's interesting to look at this in relation to the throughput of the postal service. I'm using USPS as the destination but you would essentially have smaller loads in foreign systems, and if the pileup became appreciable it would tend to do so towards the destination.

Anyway, let's call world population a nice even 7 billion people, so you have 7 billion individual letters. Packages would be an entirely different animal for obvious reasons.

USPS total mail volume in 2013 was 158.4 billion. I'll roughly average that to 0.43 billion a day. So 7 billion items is about 16 days worth of mail. Ground transit within the US is usually five days max, but obviously the mail will also have to transit through other countries. I'm having trouble getting any sort of average figure. Let's say it takes 2 weeks max, which I'm making that figure up. So you have 7 billion items over 14 days, or 0.5 billion items per day. This would double more than double the average amount of items USPS ships per day.

Notably, an aside, most people and therefore most of the mail will be originating in the India/China region, and therefore logistical strain would likely be experienced in either countries, or at any choke points out of Asia.

So, if the letters weren't held up completely, it would probably slow down the rate at which mail is processed by 50%. Although, looping back on myself, the delays in previous countries might lessen the volume experienced daily on the receiving end. Like, say the mail from Asia ends up taking a month instead of two weeks, then you're only experiencing half the volume. 

But I'm rambling and not really coming to any concrete answers. I think it would be interesting to do a model that models the throughput of the mail along each step of the way.

TL;DR It will either get stopped when someone realizes what's going on or take a possibly really long time, or some combination. ALSO: 7 billion envelopes would take up about 225,000 cubic meters, making it slightly larger than the Hindenburg, and weigh in at something like 200,000 tons or over half the mass of the Empire State Building."
cd4kxmd,comment,0,0,0,0,0,train,"My argument would be that a concert provides exclusive access to the performers and their music while a movie is identical and available country-wide. A movie will always play out the same regardless of setting. Movies let the viewer be in control too. You can watch on your laptop with headphones, snuggled in a corner, or you can use a personal projector with a sound system turned to levels at which a theater risks lawsuits. A theater can be seen as giving up your control of the movie viewing experience just to get an earlier viewing. With a concert, giving up control is part of the price for an experience exclusive to those in attendance. Even if a band were to play the same set list at the same venue it would still have to happen at a different time meaning a different audience with a different experience. **TL;DR $10 just to see the movie three months earlier. $100 for an experience truly unique to that time and place.**"
t3_4oje2o,post,1,1,1,1,1,train,"As the game description states, Fritz decided to open a restaurant based off of FFP with the stuff he bought at the auction. But why would he build something that reminds him of how he almost lost his life to the robot? Why would he want anything to do with FFP?





As the trailer states, we have to SAVE BONNIE. But this isn't just regular Bonnie, this is Toy Bonnie. But why do we have to save him?





I believe that since FNAF 3's purpose was to free the original 5 kids, POPGOES's purpose is the save the Toy spirits. 





In POPGOES Arcade, a hidden room shows us a silhouette of a man pointing at the dismantled remains of a Bonnie animatronic, with someone in a Bunny suit. With the words ""LOOK, DAD"".





Who do we know likes to wear Bonnie suits? Purple Guy.





The man that supposedly destroyed Toy Bonnie is PG's son. 





This person would have to know how to dismantle the Toy animatronics. And who knows how to operate them/set their AI?







Fritz.








As we see in the beginning of POPGOES arcade, the Puppet is struggling to free himself the the chains bounding him. 






What if something that was keeping the Toy spirits behind, preventing them from moving on? What if Toy Bonnie's spirit had unfinished business to attend too? 





I think we have found the culprit: 






TL;DR POPGOES is a family reunion."
t3_10mbvs,post,1,1,1,1,1,train,"So I'll tell you my woes and problems, but basically I would like to get a good thread of what really works and helps constipation. I know I'm not the only one with this issue! :( 



I'm female, mid 20s, ~100 lbs, lean and fit. I eat very well, no processed foods or sugar, lots of proteins and fats and veggies, drink at least 2 liters of water a day, work out 5 days a week, eat paleo about 95% of the time (the other 5% being the occasional yogurt). 



I usually have a BM every day after breakfast and coffee / tea. My chronic constipation started two weeks ago when I came back from a weekend vacation and since then I've only gone twice, and both times were difficult and incomplete BMs. It's never been this bad. 



There hasn't been any changes in diet, though on my trip I did eat some dim sum which was the first time I had eaten anything with a significant amount of flour / gluten in a long, long time. My morning breakfast usually consists of a kimchi omelette and tea, and lunch and dinner will be protein and veggies. The only change I can think of is that I have started to eat more peas, but that happened after I became irregular. I also had started drinking coffee every morning a couple months ago, but I stopped that a few days after I became irregular as well. 


Things I've tried:
 
-eating prunes (I've been eating like 10-15 a day the past week with no luck) and papaya

-eating more pickled stuff like beets and pickles

-eating more yogurt and probiotic drinks

-walking more

-cutting down on protein and upping my veggie intake even more

-eating more coconut oil and olive oil

-squatting on the toilet 


Nothing has helped so far. I just took two Ducolax stool softeners in hopes that I'll go tomorrow. I really would like to avoid resorting to taking a laxative, because I'm worried about forming laxative dependency. 


My fear is that this seemingly came out of nowhere, and even if I am able to have a BM tomorrow I'm afraid it may happen again despite my healthy diet. It's causing me a lot of anxiety and it's interfering with my life - I feel so uncomfortable that I haven't gone out and my workouts have decreased - I've had to stop plyo and just do weight training. Could it be the coffee? Something I ate on vacation that screwed up my digestion? Are the peas making it worse? Is it psychological? Now every morning when I eat breakfast I stress out because I want to go but I can't. 



There is a lot of conflicting information out there. Eat more fiber, reduce fat. Less fiber, more fat. Fiber isn't important, you need more probiotics. Etc. So what really works for you to stay regular and what tips do you have? I've never been constipated for this long before. 



**TL,DR: Suddenly constipated out of nowhere with no change in diet. Does anyone else deal with chronic / acute constipation and what do you do that works for you?**"
t3_557vx4,post,1,1,1,1,1,train,"Hello! 

I'm currently renting a one bedroom basement suite in a new house. It's ground level, includes laundry twice a week, and utilities. It's in the playland area. It's a decent location.

The landlords are ok... they are very green so they have been going through my trash and removing any missed recyclables... they've told me to be more careful in future or they will go through my trash again. 

Also in my suite like other basement suites see a few spiders a week... only these spiders are the size of golf balls.... I recently found one in my bed and it really had me freaked out. 

I've been living here for just over a year, in that time for the first 6-8 months I was living with my BF and was paying rent for an empty apartment. That relationship ended and I've been staying at my house for the last few months. I'm really boring... I work all day 5 days a week and when I come home usually have something store bought to eat and Netflix and sleep. A couple of days ago my landlords gave me notice of rent increase ( from $ 950 to $980). 

They aren't incredibly loud... except for doing laundry at 6am on the weekends... laundry room is right next to my bedroom. 

Here's where my question comes in... I'm ready to move... but the rental market in Vancouver is tough. 

I had planned on giving notice today so I can find a place for November... I'm worried though looking at the rental market that I may end up with no place to move into... or have to settle into a place that I don't like. Should I hold off on giving notice, secure a place and run the risk of needing to pay rent for a month at two places... or do I go balls out and give notice and work my bum off to find a place for November? 

TL;DR : do I give up the place I'm renting now and look for a new place for Nov, or hold onto my place, look for a place I like and run the risk of paying rent for two places for one month. 

Thank you:)"
chtud4h,comment,0,1,1,0,1,train,"I got lucky and was able to find a guy who already had it in California. Brand new which was a major win. The only other way is through a SSE. You have to find someone (not an ffl) willing to send it to your local ffl who will perform a single shot exemption on the gun. You're going to need a non-threaded barrel. FN does not sell these yet for the .45, so you have to go third party or trade your threaded for a non-threaded barrel. Also, your ffl cannot receive the gun with the threaded barrel in the same package, and the gun has to function upon arrival to perform the SSE. The only other way around this is welding the thread protector onto the barrel. Take into consideration that once you weld the thread protector on, the barrel can no longer be removed from the gun unless you cut it. Lastly, you either need to buy new mags or have your ffl cap them at 10. There's a ridiculous amount of hoops you need to jump through. This is why I went the route of finding someone in California who wanted to sell theirs. I'm really glad I was able to find one in practically mint condition. It only took about a year of searching...

tl;dr - Good luck. This gun is a major pain in the ass to get into Cali. "
t3_s86x5,post,0,0,0,0,0,train,"I've been a type 1 diabetic for going on 11 years now. I was diagnosed when I was 8 years old. I've been on the pump for about 7 years.I am now 19 years old. I haven't had to go to the hospital for any reasons including my diabetes, or for any other medical reasons. No extreme low blood sugar. The occasional extreme high, usually only when the infusion set comes out when I'm not aware of it. 

I have been taking care of myself for as long as I've been on the pump. 

My problem, however, is my mother. I'm currently still living with her, and as that goes, I have to follow her rules. Which are overbearing on me. Not in the sense that ""oh, I don't want to follow your rules, woman!!"" But, as in...I can't leave my hometown for hang outs with friends/my boyfriend. Every time it comes up, my mother says that ""oh, they don't know how to take care of you! What if something happens!"" What if, what if, what if. It's always that ""What if..."".  I know how to take care of myself more than she knows how. I know the feeling of a low blood sugar coming on, or a high one, and I know how to fix it. 

This problem is also prevalent to leaving me home for extended periods of time alone. I'm 19 and I'm not allowed to stay home alone for more than 4 hours. ""What if your blood sugar goes low, and you pass out?! No one is here to take care of you!"" This also goes for me not attending the college I wanted to go to, which is about 2 hours away. I would be too far away from her. 

There's also the problem with me having a boyfriend. ""You two are going to go off and have sex, and you're going to get pregnant and die because you have diabetes!"" I'm not even making that one up. I'm on the pill. I have been on the pill for almost a year. 

I have no idea what to do about this. Seriously. When I try to confront her about any of this, she starts crying and yelling, saying that I'm her baby, that she needs to protect me from dying from screw ups with diabetes. Even if I take care of any problems with it myself. But she guilts me. Makes me feel bad when I say that I take care of myself for the most part, and that I'll be fine, and that she doesn't need to be concerned with the ""what ifs"".

**TL:DR- I have type 1 diabetes, mom is completely overbearing, won't let me do hardly anything. I don't know what to do.**


"
cq4gxml,comment,0,0,0,0,0,train,"I believe this is what you are referring to?



This would perhaps contain a good radar which would help with the resolution issues we have with current MRO radar. This would be vital to finding those spectral singatures. It's a rather novel idea in development which I haven't followed since handing my thesis in and washing my hands of Mars... But that's another story....
I believe the best bet to finding frozen water on Mars in any significant quantities would be drilling below regolith ~25m in 65-40 degrees latitude in Hellas Planitia, there is the highest density of polygonal terrain. 



This is a good paper about it, basically says that the landforms we see from MOC are analogous to polygons on earth which are formed by seasonal ice expansion, it would be a well informed leap of faith to go an look there, one I believe worth following.
As for life in this frozen water.... well I'm no extremophile biologist but I'd hazard a guess to say that at some point, this water COULD have contained the necessary conditions to host some form of life. Whether it was ever there or not is a different kettle of fish altogether....

TL:DR; Go drill in polygonal terrain regions because its much more ""rover friendly"" terrain and you will most likely find water in some form or other."
cni6oty,comment,0,0,0,0,0,train,"Lag isn't perfect. Never has been, never will be.

Some spawns are bad. I think that's a result of how fast everyone moves combined with small maps. 

I think there are a few weapons that need some buffs, because they're pretty useless in their current state.

Streaks are fine in this game. I like how they don't completely overwhelm the opponent to the point of making the game unplayable. Big complaint I had about BO2 was how powerful the streaks were. If you got dogs/swam, the game was unplayable for the other team. Everyone left. New people join in to a shit storm of drones and dogs that they didn't cause. 

I think the drops need some tweaks...as it stands reinforcements are nothing more than bait for the other team. Most of the time you get trash, and it's trash you already have.

TL DR: The game isn't perfect, but I'm still having a blast."
c85vs9n,comment,0,1,0,0,1,train,"FYI: 

*What is this you may ask?* An anti-gun subreddit was created and a mod there is taking pictures of people's gun collections here and posting them there and saying ""If this redditor snaps..."" implying that everyone on r/guns (and everyone that owns a gun, whether trained or otherwise) are all just crazy redneck gun nuts who would just go on a killing spree on a whim.

Just wanted to let you know, and this is a PSA account to inform people of this in case they were unaware their private property is being posted elsewhere on the site (which could potentially lead to them being targeted for theft, burglary, or robbery). That is very serious.  

Click my name to see more instances of this...

PS - If you have anything to say about Gabour, you are all welcome at /r/wehateguns - the anti-hoplophobe-extremist-proliferation Subreddit!

**tl;dr:** Anti-gun subreddit is posting your guns implying you could be a mass killer"
coqmkay,comment,0,0,0,0,0,train,"All watches from online retailers.  There is no guarantee that a watch is brand new.  

If you have a jewelry business.  You can buy a watch from a consumer that's near mint condition and sell it to any watch retailer.  It just needs to be a popular model.  So any of you knuckles that want to sell a mint condition watch.  Call up a online retailer.  If it's pristine condition enough.  They'll probably buy it off you.  

But obviously no where near what you pay.

For any watch brand under 2k retail generally 55% off retail is the correct price to sell to them.and they'll sell it for around 35%-40% off depending on how many they have in stock.

Like more expensive watches it's like 50% off retail.
But it needs to be basically unworn.  

Tldr.  I am in the business I have sold to online watch companies.  They use there in house warranties.  The only way a watch is new is if it has a manufacturer warranty not some warranty from some store.

If you want to know more pm me."
cd7iscb,comment,0,0,0,0,0,train,"You have no idea what poverty is. I'll say that again, juuuuuuuuuust to underline it. You. Have. No. Idea. What. Poverty. Is.

When you can only afford clothing because your current one set of clothes is destroyed, you absolutely buy something that will last the longest and be the most useful. And when manufacturers know that they have to sell at rock bottom prices, they reduce their own costs by using as little fabric as possible. Try being poor and needing a new set of work pants because your current ones are destroyed. You go for the cheapest but most durable pair you can find.

You obviously have no idea about the world outside your precious little bubble that mommy and daddy constructed for you. The ease of access and relative wealth/buying power of the average consumer is far above what it was in the old days. We live in a disposable culture because we've refined ways of creating things. Back then they had to farm miles of cotton fields for an entire year in order to make any clothes at all. They had to spin the cotton manually for the most part. Clothes were hand-stitched. They can't just machine it all like they do now. So yes, people absolutely used to think: ""What can I buy that I'll be able to wear for the rest of my life.""

TL;DR: Sorry, but no."
t3_u6k0p,post,0,1,1,0,1,train,"Okay guys, I just have a quick question. Today, as DICE finally brought us the 2XP weekend, I discovered a ""flag run"" server. Curious as I am, I joined and thought ""Wow, this is a fast way to finally get that gun I wanted"". I ended up playing for several hours and unlocking all the stuff I needed and wanted.

Reason for that is that I already ""completed"" the Multiplayer twice, first on console, then on PC. Unfortunately, the first key I bought for BF3 came from a guy who frauded people and that key was blocked two month after I activated it. I had just reached the first Eagle rank and then, boom, after all that hard work, I had to throw it all away. I bought another (legit) copy directly at Origin to be safe the second time.

So, after I left the server I felt kind of worried if what I had done was against the rules of Battlefield 3 and if my stats are in danger of being wiped. I did not know that what I was doing is not allowed and don't want to lose my progress. What are my chances of being left untouched?

I am seriously worried and will join any server like this again. Any advice or information to keep me from becoming insane?

**TL;DR**: I joined a flag run server, played for several hours, unaware of this type of server being kinda forbidden. Will my stats be wiped?"
cl232zw,comment,1,1,1,1,1,train,"I have an EDH deck built around [[Living End]]. Like the modern deck, it's mostly cyclers and it has literally only one thing with a CMC of 2 or less (Living End), so whenever you cascade with [[Violent Outburst]] or [[Demonic Dread]], you always cascade into a free-to-cast Living End.

Anyway, the most recent game of playing with this went beautifully. Turn 5, I cast [[Necrologia]] with X=25, discarding most of the creatures. I survived until the next turn, which led me to resolve [[Gnaw to the Bone]] (putting me back over 40) followed by Living End.

The turn after, I stuck [[Greater Good]]. Finally, someone boardwiped on their turn, but I stuck [[Living End]] back onto the bottom of my deck by activating [[Battlefield Scrounger]], then I used Greater Good to draw &amp; discard most of my deck, setting me up to reanimate my entire deck next turn with a cascade next turn.

With 9 cards on the bottom of my deck (the bottom two being Living End and Violent Outburst, respectively), I got smacked in the face by a hasty Dragon Mage, making me discard my hand (including the [[Demonic Dread]] I needed to win) and draw 7 cards, leaving me with a known library of two cards: Living End &amp; Violent Outburst. Boy did I think I was screwed.

On my draw step, I draw Living End and ponder my options. [[Crypt of Agadeem]] gave me quite a bit of mana to work with, but my only way of reanimating my graveyard for the win was stranded in my hand. Eventually, I saw the solution. 

1. I cast my general (Prossh) for the first time in the game.

2.  I sac a Kobold to Greater Good to draw zero cards and discard three cards, including Living End.

3. I cast a [[Solemn Simulacrum]], whiff on the search trigger (obviously), then sac it to Prossh to draw Violent Outburst (leaving me with a 0 card library).

4. I then cast a hasty [[Junktroller]] thanks to [[Anger]] in the graveyard, and tuck Living End back onto the bottom (also, top) of my library.

5. Finally, I follow it up by casting the Violent Outburst from my hand, which cascades into the Living End--reanimating my entire deck/graveyard full of creatures including a few haste enablers and a [[Craterhoof Behemoth]] for the win.


TL;DR: I solved a Duels of the Planeswalkers puzzle in EDH to reanimate my entire deck at once and deal over 4000 damage in a single turn."
c6czevg,comment,1,1,1,1,1,train,"It is hilarious hearing an Ayn Rand Libertarian waxing on the Chilean success over the communists by creating a larger owner class. They either have a psychological block between themselves and reality, they are simply ignorant dolts, or they are outright liars.


The miracle of Chile was made possible by taking property from the aristocracy that had sucked the nation dry for generations and was bleeding every drop of wealth generated by the working class because all property was owned by a small elite class and redistributing ownership to the working class.


Then the working class individuals who were given ownership of land were provided the opportunity to borrow capital against the land they were given for free.


**TLDR;** Chile's success was made possible by massive redistribution of wealth from the elite owner class and redistributed to the poor working class who owned nothing due to generations of wealth and ownership concentration."
c1sgi4c,comment,0,0,0,0,0,train,"For me its because it distills everything Han Solo is into one scene.  He's the character that knows whats going on and can read the writing on the wall.  And then blow the fuck out it with a blaster.  Other scenes comunicate this attitude of Han but not as clearly as this one.  He's not always going to do whats right to get the job done.  As a child it was a revelation that good guys could act this way.  We all looked up to the bad guys in movies for being badasses, but here was a man who was a stark contrast to Luke Skywalker and still a hero.  

George Lucas takes these childhood realazations that good is not always good and the oppisite could also be true, that bad is not always bad and white washes them into these guys wear the white cowboy hat and are good and these over here are bad, and ruins the characterzation that millions of fans had come to know.  

 Edit TL;DR George Lucas sucks."
t3_j8pjm,post,1,1,1,1,1,train,"Hello r/GradSchool!

I am already certain that I want to do a PhD, so my question is more about what approach to take. I graduated about a year and a half ago and have since been living and working abroad. I am still on the fence about whether or not I want to *stay* abroad for the rest of my life, and as such I want to do everything I can to keep my options open.

I have been looking into PhD programs in the US (I'm American) and MA programs abroad (there are no direct-to-PhD programs here, you have to do an MA first). If I were to go the MA route and then decide to return to the States after all, might this hurt my chances of being accepted into an American PhD program?

My background: I majored in German as an undergrad (also did a lot of coursework in history and art history) and want to go into Comp Lit. I graduated with a good GPA but I didn't really have the opportunity to do much coursework in the area that I'd like to research in the future, which makes me nervous in terms of my prospects.

**tl;dr:** Do grad schools prefer straight-to-PhD applicants, and would an MA from another country hurt my chances of getting into a US PhD program?

Any general advice about applying, programs, etc, is very much appreciated!

Thanks in advance. "
cmux9fd,comment,0,0,0,0,0,train,"The idea of the patent system is to incentivize innovation where other methods (award recognition, subsidies, curiosity, etc.) would fail.  Drugs are really expensive to develop, but really cheap to copy, so subsidies probably wouldn't cut it.  Not only that, but unlike with herbal remedies, pharma. companies must run their experiments through clinical trials, and these take both time and money.  The patent system gives the company a 20-yr monopoly. It turns out that this has been pretty fair to give the pharma. companies a return on their investment.  The belief is that without the 20-yr monopoly, no drugs would get made.  Therefore, from a utilitarian perspective, the drug companies should be allowed the time to make a ROI, and then freer access to the drug will be available.  The people who needed but could not afford the drug during that period are part of the dead-weight social cost that will result in any monopoly.  If the patent system works, this cost is less than the overall benefit from getting the drug invented.

However, some pharma. companies abuse the patent system with evergreening - making new patents for similar, but not all that different, drugs, and having patients switch to them.  Kind of annoying, and not sufficiently addressed by the most recent patent statute, the AIA.  However, many people believe that as pharmaceutical sciences become more predictable, these insubstantial tweaks in drugs about to expire will not be patentable (in order to be patentable, an improvement cannot be obvious).  The PTO probably won't start turning them away, however, until (1) the legislation addresses evergreening, or (2) a big court case is decided at the Federal Circuit or Supreme Court that finds such patents invalid.  Not sure when that will happen, but I believe that it will, and it will probably take the Supreme Court to do it (the Federal Circuit is very patent-friendly, as it was made to be).

Sorry, not trying to change your view.  This subject is fascinating to me, and the economics of innovation-incentivization are pretty complicated. **TL;DR - Other incentives might not cut it, justification for the patent system.**"
t3_18nlh5,post,0,1,1,1,0,train,"My friend is 33. He's a smart guy, stable, holds an excellent job, manages his health and finances well, and for the most part, he's not *completely* gullible or suggestible. He does exhibit a bit of a top-down view of things and he comes from a healthy family, with the unfortunate influence of a wacky mother--constantly ranting about conspiracy and ""aliens on the moon""--most of which he's learned to tune out.  

For all the endless arguments we've had over the years that have helped him to think more critically, he has somehow settled himself with a $400 a month bill with a phone psychic. I would really appreciate a bit of insight on helping me analyze this specific brand of psychic. 

He's recently outlined an example of how their conversations go and I've broken it down (quote):

 *""What she does is...*

 - Explains how things work to you in the beginning. 
 - Then she talks at you for 15-45 minutes and strictly only allows you to say ""yes,"" ""no,"" or ""maybe."" 
 - You're not allowed to talk to her at all during that time and prefers that you don't say much of anything at all in the beginning either. 
 - The less she knows about you the better. Afterwards, you're free to talk away. 
 - She hits some amazing things on the head.. and she misses things here and there. 

He continues:

*It's fascinating to listen to! I've become friends with her so I call her to say hey and see how she's doing she's an awesome person. I'm fully aware that there are fake psychics out there but when I get on a phone and talk to her, as in say ""hi"", and she instantly says,""your car was in an accident on the right side"" without ever saying anything to her...  There's something there when that had happened the weekend before!""*

Briefly reading over this conversations wreaks of suggestion and horoscope-nonsense, I realize. But he argues with me that he is a skeptic, and I'd like to really show him what skepticism is. My vapid replies of, ""Cold reading... suggestion... false authority..."" aren't getting through. 

TLDR - Friend chucks $400 a month to psychic. I'd like help recognizing phone psychic technique and would like to believe there's hope for my friend. "
ccid1xr,comment,0,0,0,0,0,train,"I really think it was about her continuing to use his affection for her as a means of controlling him. Letting him think he's getting closer to her when all she's doing is wrapping him even tighter around her finger without him thinking twice about. And he goes along with it because he thinks he's getting his foot in the door with her finally.

I know I'm somewhat projecting my feelings into this scene but that's because I've had somewhat similar experiences with women like that. It was too well-done in that scene to not be able to relate at the time.

TL;DR Lydia was becoming the ultimate controlling friend-zoning bitch."
cq2mmen,comment,0,0,0,0,0,train,"Nobody has mentioned it, but Free to Play...that documentary by Valve about the Dota 2 International. I know it's not about game development or anything, but if you have watched the movie and are an indie developer you'll know why I pick it. The movie is incredibly inspirational for ANY human being - whether you play sports, make games, write books, whatever it's just incredibly inspiring to begin with. The way it hits home with me is because I grew up playing free games, and usually still do today, and that movie captures the magic of having a quality made game and all my projects are aimed at being shareware/freeware, this is turning into a rant so I'll cut it off before I drown in my own feels.

TL;DR: Free to Play shows the magic of the kind of software I aim at creating, so it inspires me to keep making it and making it better."
c3g0dni,comment,0,0,0,0,0,train,"There are so, so many ways to explore the ""outdoor adventure"" style- techwear, heritage clothing, the list goes on- but this is not stylish. 

If the adventure style is what you're going for, [valet did a really good post today about how to wear fleeces in a not frat-douche way]( Also, check out anything from [patagonia,]( [penfield,]( [sierra designs heritage]( for inspiration. 

One of the important things to remember about outdoor style is function, a quality this outfit has none of. It looks like you went entirely for Tintin style pieces/silhouette, but forgot that in adventure context, this is entirely useless.

Tl:dr and suggestions: there are ways to dress in the adventure style, but remember that it's about applying outdoor pieces in a fashionable way, not taking pieces vaguely reminiscent of adventure pieces and putting them into an outfit. So yeah, looks like a costume to me.
"
cnnchdc,comment,1,1,1,1,1,train,"What I got from it, if it is about being at war with herself. Is Shia being more her, the whole Sia. What people might see as being a strong person. Maddie being the small demon, which I assume is alcohol, drugs, or maybe something else Sia might have struggled with (maybe just emotionally). Maybe other people saw it as a small problem, but this little demon defeats Sia (shia) everytime and he/she cant win. Eventually at the end it seems like a mix of the demon leaving and at first Shia fights to keep it (which is why I thought maybe drugs or alcohol) but in the end it looks like the demon is the thing that is trying to pull her back. So it could also be her struggle with fame, one of the reasons she doesnt show her face anymore..

 Another reason as I see it as some sort of addiction. It appears Shia at many times tries to escape or ignore the demon, the demon seems hurt or pretending to be in some way. Thats when he starts to go closer to check on it and ending up getting hurt again. Like trying to quit an addiction, and feeling that wimper of a withdrawal and crawling back to it.﻿



TL;DR: Sia's struggle with an addiction or issue that was her little demon. "
c3kwoql,comment,0,0,0,0,0,train,"&gt;Good job you're around to raise the level of discourse. 

Thanks. Now if only we could have some sarcasm, what's a discussion thread without the lowest form of wit added?

&gt;I think quite a lot of people agree that there should be IP laws in Ireland.

That's adorable! A meaningless claim that can't be backed up and seems to suggest that you're disagreeing with someone. You must be very new at this. Seán, is that you?

&gt;He's not talking about copyright terms.

Nope! He most certainly was, if you'd been paying sufficient attention you'd have noticed that he described ""Intellectual property"" as ""...by their very nature balance a range of competing interests and rights in a manner that is seen, right across the globe, as reasonable and proportionate."" which, amongst other items that make this claim laughable, includes copyright terms. Copyright terms are decidedly unbalanced and have a negative effect on innovation.

&gt;I think the level of discourse among the 'stop SOPA Ireland' movement has been much more arrogant and ignorant than anything in this piece by Sherlock. The comments on the facebook post are really, really idiotic. The best is ""tl;dr?"". I'M TOO ANGRY TO READ NINE PARAGRAPHS

That's nice. Perhaps you should explain that to them?
"
ceqqcbe,post,0,1,0,0,1,train,"+/u/dogetipbot 10 doge I tip for information, something that made me laugh, or vist /r/dogecoinbeg and see someone who genuinely needs it. There always is an incentive to tip. I've now spent 130 of my 543 doge in this one thread alone. The only reason I don't tip more is I want to save some for when someone needs a good tip(Halfway through writing this I gave someone a 50 doge tip in /r/dogecoinbeg for a haiku). People are kind, and I understand that my time will come to beg, and people like me will tip me as well. That's the spirit of the Dogecoin! I tipped you to prove a point and for the article that was another example of what can go wrong if people hoard. Dogecoin was built upon tipping and keeping the doge coin flowing(More doge coins transacted then there are coins!), and it's all thanks to the community! Some tips may be small, but if you look around there's always a reason to that number(which is always positive).

TL:DR: Doge Coin doesn't hoard, are awesome, no rules or limits pls.

Edit:(Spacing)"
cq6yqfp,comment,0,0,0,0,0,train,"I'm not op but maybe he is actually thinking what you said ""You're saying he's so bad at managing his projects that he doesn't even know which artists and beats are appropriate for which songs."", I would be lying if I said I was not a bit hesitant on how the album is going to be with YAMS gone (RIP), yes they said that it was done etc with him but maybe there were some last minute changes he had to do alone and it may be ... not good.

I just can't help but be kinda worried that Rocky can't do it without YAMS cause I lovee rocky but man he was next level with yams behind him, im hoping yams did his part you know? like Rocky can take the torch now... i'm sure it is not a far fetched 'concern' to have, especially since Rocky is one of my top 5 new school artists.

tl;dr - I don't think it is bad to be worried that without YAMS, rocky may in fact have gotten worse at managing projects, as a Lil B feature without Yams' guidance sounds like a disaster tbh, and I like lil B, but even his good shit is a 8/10 at best..
"
chl19ss,comment,0,0,0,0,0,train,"&gt; So overall you like your wii u experience?

I love my Wii U because I use it as a Nintendo console. To further explain, if a multi console game came out I would probably buy it for my PS3, PC or whatever other system someone might have. But I always loved my Nintendo first party games, and because I own the Wii U I get to play Wind Waker again (one of my favorite games) Mario Kart, Donkey Kong Country, Smash bros, Wii games if I so choose as well access to the Wii U VC.

&gt; Do you fear that support will taper off from nintendo?

If you look at [Nintendo's history of home consoles]( you will see that Nintendo almost always gives its systems at least 5 years of full effort. That history puts my fears 100% at bay. Nintendo has so many options left they can do for this console (ex. a new star fox, or star fox 64 HD) but the questions remains which options they will chose.

TL;DR If you use the Wii U as a Nintendo console, I can't see you being disappointed now or in the future. If you use it as your stand alone console, then how you feel will probably be dependent on the person and what their interests are. "
cbgklo6,comment,0,0,0,0,0,train,"Depending on what you count as a ""huge signing,"" Dempsey and Beckham are the rare times owners decide to shell out for that kind of talent and name recognition.

If the league is healthy enough to afford players like Dempsey, I'd like to see the financial rules loosened a bit so these kinds of signings will become the norm. $8M isn't a small amount of money, but on the international transfer market it is the going rate for many players (and the [lowest price]( for the top 50 transfers).

More and more wealthy owners are coming into the league (DCU's Erick Thohir, [future owner]( of Inter Milan, comes to mind) that would love to raise the quality of product on the pitch. But that product comes with a price, and MLS should let the owners pay it.

**tl;dr:** Just a jealous United fan whose billionaire owner won't spend squat on the team until this stadium business has blown over. And even *that's* not certain."
t3_jn0f6,post,0,1,1,0,1,train,"Look, I'm not as cool as all of you.  I have a mountain bike.  Most of the riding I do, however, is on roads with some light dirt riding as my ride encounters.  Since it is a mountain bike, it  came with big knobbly tires, however it has come to my attention that I could probably do much better with my riding style with some more road-friendly tires.  Basically, it comes down to this:

I have [this bike](  I am interested in putting [these tires]( on it.  

They are 26x1.95.

The tires that came on my bike are 26"" K-Rads (like [these]( only I don't know what width.  How important is the width of the tire?  Do different widths necessitate different rims?  Also, if you feel like it, are there other tires that might better suit my needs as described?

TLDR: [this bike]( [these tires]( - will they fit OK if I go for them?

Thanks in advance /r/bicycling!"
cnwlq4l,comment,0,0,0,0,0,train,"We can be stubborn (A LOT), but we are generally nice people.  It is usually the ones who immigrated in their teens who are usually on the mean side because there is no authority in Armenia.  The ones born in the US (like myself) are definitely much nicer.  Plus, we are still upset that the Armenian Genocide has still not been accepted even after a century has past. Also not just Armenians that talk trash in their language; just about any ethnic group will talk trash in their language.  The ones described by the poor guy sound like those FOBs who think they can do whatever they want without consequences. 

TL;DR: Armenians are usually nice, but fuck those assholes who did this. "
c28zj7y,comment,1,1,1,1,1,train,"If it is just crusty, and doesn't leak, you might look at one of the sealers as mentioned by Toddypragma, but I have had pretty good luck with an acid treatment ( I know that Yamaha markets one) that essentially gives the inside of the tank a black oxide finish.  That way there is no chance of failed liner coming off and gumming up fuel lines, carb, etc.

What ever you do, preparation is key.  Clean out all the loose stuff.  If you thread a bunch of nuts on a string, they will be easy to remove from the tank after shaking them around inside.  I have heard of people putting such media inside their tank, wrapping it in blankets and putting it inside a clothes dryer with no heat.  I have never been that brave.

I did have an early Honda Interceptor that was just about mint outside, but had a very rusty tank.  I poured over a cup of loose rust out of it initially, but proceeded to use the media shake an acid on it.  It cleaned up very nicely and served for a number of years that I had it with no further rust problems.

If you go forward with an acid treatment or a liner, you will need to fill the tank with various solutions.   You can get a plumbers test plug (expanding rubber plug with a wingnut on top) to close up the filler mouth, and use natural cork for the petcock openings.  Careful with the acetone (water removal) portion if you want to protect the current exterior finish on the tank.  Good luck.

TLDR consider an acid treatment"
cdpzcv6,comment,0,0,0,0,0,train,"This is most likely gonna go unnoticed since there is a lot of comments already but I wanted to add my input for someone who might see it! L'Occitane's Shea butter Chapstick is amazing. It's not fragranced, if you have sensitive skin! when you apply it, it doesn't feel like much is going on but when you rub your lips, you really can feel the Shea. I tried the Nivea, it's nice but it has a lot of petroleum jelly in it, which when you put on your lips, if you get it in your mouth, it's like eating gasoline by-product. The Rosebud salve is really nice too, but I find the tin to be inconvenient and doesn't keep my lips as moisturized after it's gone as the L'Occitane does.

TL;DR Lo'ccitane's Shea butter Chapstick. "
t3_3sszy3,post,1,1,1,1,1,train,"I purchased a used 2011 sedan back in march for my business. I was told everything was fine with it but when I went to get the sticker, the worker told me that they couldn't issue me one because the OBD wasn't working. Their scanner couldn't even connect to it. I called the dealership and they told me to bring it back so they can fix it. After I did that, I went back to the shop to get the sticker but they still couldn't connect. I argued that the dealership had fixed it, so they ended up giving me the sticker.  A month or so later, I brought my car to a repair shop because it was pulling to one side. While the car was getting aligned, I asked the mechanic to check out the OBD. He told me that it wasn't working. Once again, I called the dealership and brought it in for them to fix. Today, about 5 months later, I brought my car back to the same repair shop for him to look at some stuff and he mentioned that the OBD STILL wasn't working. I just got off the phone with the dealership but they basically said I'm shit out of luck and that they can't do anything. The mechanic at the repair shop had said that the dealership had a legal obligation to fix it.
Also, I have a one year warranty that should still be in affect but the dealership is claiming the warranty doesn't cover that. 

I am a broke 22 y/o college student so I can't really afford put down too much money to fix it and unfortunately the OBD is really expensive. 

What are my options? 


Tl;dr : dealership sold me a car with a defective OBD. I have brought it in two times for them to fix it and both times they said it was fine. I have since had my car inspected by three mechanics that have confirmed that the problem was never corrected and that it's still not working. The dealership is now refusing to actually fix it. "
c1tl04e,comment,0,0,0,0,0,train,"* San Diego: 1,307,402 people

* Portland: 583,776 people

* Asheville: 83,318 people


I wonder who would win a poll where you can vote only once...

So, San Diego has 1.2 million more people and Portland has 500,000 more people.  That's *that* many more people to vote multiple times and *that* many more people who could potentially have the ""hacking"" skills to swing the poll their way.  Yet they still can't pull out a win?  That's kinda sad, really.  But, this is where enthusiasm comes in and Asheville has that (and great beer) in spades.  Cities *should* be proud of the things they do well.  And even if this is just an arbitrary prize for an unscientific pissing contest, the general public probably doesn't know that and if it can help Asheville bolster the tourism it relies on even a little, then that's awesome.  Although I'd bet money that 99% of the people who say we don't actually deserve it, haven't been here.

TL;DR  Haters gonna hate."
t3_3jdmos,post,0,0,0,0,0,train,"I'm not sure this is the best place to post this, but hopefully someone has had a similar issue to mine that can give some advice!

Basically, I type with anywhere from 3-7 fingers (not including thumb for space bar) at any given point depending on if I'm coding or writing plain text (i.e. an email). I use my pointer and middle fingers a lot more than I should and, while I don't think of myself as being at a slow typing speed, it definitely causes me to spend more time typing something out than I should. I believe the last time I had my wpm evaluated online I was over 60, but I don't remember it too well so that could be off by a little. 

How can I adjust my typing style to use the ""proper"" hand positioning on home row? Are there any websites dedicated to this that aren't aimed at hunt-and-peck typists? Thanks for any suggestions!

TL; DR - I don't use all my fingers when I type. How do I change this?"
t3_fpp4j,post,1,1,1,1,1,train,"I bought an olive tree online about a month ago, and when it first arrived the tree seemed to be in pretty good shape, but after a couple of weeks some of the leaves (mostly newer ones at the extremities of the branches) started curling up like so:



(sorry about the bad image quality, only have a cell phone camera =/ )


I looked around online and mainly got information about the pot (it's an indoor plant) being too small, so I tried planting to a larger pot. It's been a couple weeks now and most of the powderish white spots on the leaves are gone, but the leaves are still curling.

Anyone have an idea what this could be, or how to treat it?

EDIT: Just to give you all feedback, and in case anyone comes here with a similar question. After asking this question about two weeks ago, I transplanted the tree to a less fertilized dirt, per Choochy's advice. The leaves have now stopped curling upwards, and some of them are now beginning to curl downwards (in accordance to normal olive leaf behavior :D). Looks like the tree is health, thanks guys!

(tl;dr for follow up: Don't use miracle grow on trees.)"
t3_2cgl3x,post,0,0,0,0,0,train,"there are (in my mind) two options for who peter quills dad is. Much evidence point to yondou (not sure of spelling) but some things threw me off. His outright willing to kill who might his own son and his overall dickish attitude. him stating at the end that their mission was to bring pq to his father and calling pqs father a jackass could point to yondou being his father or not if he wasnt talking about himself.  Glenn close saying peters father was not something they had seen in a long time which is odd since Yondou doesn't seem out of the ordinary for that universe or section of it. 

 pq's mom reffering to the father as an angel can also point to the father being an asgardian I think. Asgardians at the end of Thor 2 dealing with the collector shows they have knowledge and acsess to this sci-fi section of the universe although they are unaccustomed to it. Thor also shows that asgardian have the hots for earth chicks so its not a stretch to think some asgardian banged peters mom in the 70s. She also seems to consider peters dad as instrinsicly good and not a jackass like yondou

Tldr- peter quills father is either yondou (obvious answer) or an asgardian (tin foil answer)"
t3_1txadz,post,1,1,1,1,1,train,"...well, I still don't. That said, do I ever have a story for you, r/gamecollecting.

I checked out a game store at a nearby mall today. They had, much to my surprise, a copy of Zombie Nation for NES. It's a really rare one, near the top of my wishlist, and I'd never seen a copy in the wild before. The asking price? $200. Quite a bit above the [eBay average](

I'm not a fan of haggling at game stores. I expect to pay a bit more than online prices, even at better stores, because I know they need to keep the lights on and all that. That said, the guy I was working with seemed unusually desperate to close the deal with this. $200 wasn't going to do it, so I asked what his bottom dollar was.

This went on for a while, and he ultimately asked what price I had in mind. I noted that eBay prices were sitting between $140 and $150, though I understood that they had to make a profit and all that.

He then said, and I quote, ""okay then, how about $120?""

You can probably guessed [what happened next](

tl;dr: While haggling isn't always a great idea, sometimes a store will do all the haggling for you."
cg26bha,comment,0,1,1,1,0,train,"Minutes after the conclusion of the match between Los Angeles Galaxy and Xolo , for the first leg of the quarterfinals in Concachampions , followers of Tijuana boarded buses to return to the Mexican border, and just as the bus entered the freeway passengers noticed a blow which forced the driver to pull over to make sure what happened , but thats when the problem began , as recounted one of the fans .

""When ( the driver ) pulled over three cars pulled over on the left side and broke a window to the rear of the truck (sic ) .

"" When that happened , several people ( in their cars) got out and smashed the front window , on the left, which will atrasito the driver , at which point he ran because they wanted to beat him , but ended up breaking glasses which are the windshield (sic ) , ""said passenger Jose Contreras to the Hobby .

"" When the driver got out , one did as he was going to get, but instead of getting , having grabbed the extinguisher at the entrance to the truck that hit and what was left of the windshield , and shouted:Chivas USA ! Then, as last week there was anger with Chivas , said it was a kind of retaliation , but that's speculation, the truth we're not sure , ""continued Contreras.

Prior to Week 10 matchup MX League between Tijuana and Guadalajara, an outbreak of anger among fans of both teams in the boulevard where is located the Estadio Caliente was recorded.

Xolo 's hobby , after the attack , arrived in San Ysidro around 5:00 am Thursday morning . The bus was escorted by police from Los Angeles County to a shopping center where another shuttle trip to the Mexican border was completed.

Its a bad traslations but the tl;dr bus windows got smashed, attackers claimed to be part of Chivas USA. Xolos believe that it happened because of fights that broke out with Chivas G.D fans in Tijuana after the match past weekend."
cf5weuj,comment,0,0,0,0,0,train,"Have a night, **NOT** Valentine's day.  Put together some special package or meal or plans that are all about him.  Not parenthood, not anything but stuff for him.  Yeah, he's being a putz, but you know what, it's a scary thought.  You go from having a life all yourself and you two as a pair to a life of ""fuck, every little thing, I have to do to keep this drooling shit-machine alive"". 

It's a game changer, it's 18+ years of commitment.  That's a big step.  And as a guy, that's fucking SCARY, we are small and insecure, and we like being the center of everything.  So treat him like that one day.  Let him know it's about you all as a family.  He'll still have his spotlight, but that spotlight will be brighter for having more surface area.  Or some other mushy mumbo jumbo.

TL;DR: Guys are whiny little bitch faces, and he has to come to grips with that. ;)"
t3_1m8fxn,post,0,1,0,1,0,train,"It just hit me while watching a video of those super realistic humans in Infinite Realities. As a 2D artist something like that would be *amazing* for virtual life drawing sessions. The problem with drawing practice is that practicing from flat photos makes it very hard to think in 3D, and finding drawing classes with living models is invariably expensive and in my case impossible except for a few days per year, and even then spots are limited, times may not fit my schedule and travel time can be lengthy.

This is where VR comes in. Since everything looks like it has scale and volume like you could touch it, it's essentially just as good as real living models in terms of drawing practice. Doesn't even need to be human, you could do life drawing sessions of any 3D model. I'm thinking a [life sized Ultralisk]( or a [Mind Flayer]( would be something interesting. Or go do Plein Air paintings in Skyrim or the 9th circle of hell or something. The possibilities are so limitless it's not even funny. And you could do it every day at any time.

Problem is I don't really know if anyone's developed a plugin or something get for example a floating Photoshop window like a virtual [easel]( into a game or application which you would interact with a Wacom Tablet, or if you'd have to build a separate VR painting software where you'd load 3D models and environments. I'm sure it's under works or exists already in a rudimentary form. Alternative is to have one hand on the rift taking it off for drawing with a pencil and putting it on for looking, but I'm not sure how feasible that is.

I haven't had a chance to test the Rift yet, I've decided to wait for the consumer version. I don't consider my programming skills quite sufficient for full scale game development making the time and money investment hard to justify except for the entertainment value which currently suffers from the fact that it's a devkit and the support is relatively limited. Besides I'll buy the consumer version ""in multiple months, not multiple years"" anyway.

I'd be extremely interested in hearing the thoughts of anyone interested in digital content creation who's used the devkit.


tl;dr: Oculus Rift for art study?"
c6n6avv,comment,0,1,0,0,1,train,"So I did some digging and the long and the short of it is, Bovada is still violating the UIGEA. One thing I should state before continuing is that the UIGEA does not make it illegal for the players to engage in online gambling, it makes the businesses who offer it, and the banks who support it criminal.  

Bovada is a subsidiary of Bodog and after Black Friday Bodog essentially decided to just continue operating in the US. Their gaming license is still with the Kahnawake Gaming Commission (which is in Canada) so they are still legally allowed to offer gaming worldwide. Bodog also made a domain name switch, now players trying to access bodog.com or bodog.eu are redirected to bovada.lv. This is so that **WHEN** the DOJ eventually indict Bovada they can't seize anything connected to the Bodog name, i.e. all their money, the .com and .eu domains. The reason for the long delay is likely due to the small size of Bovada/Bodog compared to FTP and Stars, the magnitude of the case involving FTP and Stars, and the advancement of poker legislation in the U.S. they don't see the need to go rushing in the another huge legal battle just yet. IMHO playing on Bovada as a U.S. player is living on borrowed time. If I were in that position I would be very hesitant of waking up one day to find my money locked up.

**TL;DR**:Because Bodog's gaming license and site domains are not based in the U.S. the DOJ has not gotten around to shutting them down yet."
c5clzjb,comment,0,0,0,0,0,train,"I have very little free time and investing that little time along with money and emotions into a relationship that will more than likely end up crumbling is not my idea of a good investment. I also view dating as a social function that is intended to end in marriage which is a social function intended to unite families and/or rear offspring. I don’t need to unite my family with another and I feel no need to have children thus the logical motivators for dating are nonexistent. I don’t view sex as a valuable goal so that removes the other remaining positive to a relationship. I used to date out of some misplaced need for companionship and every time the relationships collapsed which caused me to recognize the folly of my actions which brought me the observation that I can get companionship much easier from friends leaving no reason for me to date as far as I can tell.

**TL;DR**: Dating is a waste for me."
ck6q62q,comment,0,0,0,0,0,train,"[](/rarityhasadrink-in)I don't know about that, ignorance to me seems like a disease, a disease that's *vary* easy to catch. So to keep it from spreading I can't help but want to educate people whenever possible. The problem arises from mixing up people who are ignorant (even willfully so.), with people who act the way they do out of spite.

[](/adsad-in)  They may vary well see the flaws in their logic but it doesn't matter anymore, because it's not about the subject matter anymore, but rather much deeper issues. /r/cring is a good example of this. People don't go on there to gape at how strange we are as much as they go there to affirm how *normal* they are. Which I think hints at some underlying security issues.

[](/sadhoofbump-in)That is something you just can't fix with words over the internet. At least not easily.

TLDR: Fight ignorance, but not trolls. "
cd4yk41,comment,0,0,0,0,0,train,"The number of people that had enrolled in the morning of the first day of the roll out was 6. Let's say that was noon.  They have until March 31st, 2014, or 180 days, or 360 half-days. At that rate we would have 2160, or 0.0045% of the uninsured population. 

If we go by the 248 on the first day number, an realize this is only for the 36 states that use healthcare.gov (so let's estimate that  ~72% of the population, or 34.5 million uninsured), that would lead to 44,640 people getting insured, or a reduction of 0.12% of the uninsured population.

The goal was to sign up 7.7 million people by March  Using the first day prediction, that is 0.57%.  Since Massachusetts saw a huge rush at the end, the initial goal was 500,000 is the first month.  8.9%.  Considering that they got 700,000 applications in the first month, you could even say the got 140% - though having a constant projection they would only get 54% of their goal and reduce the uninsured via the Federal exchange by 8.7%.

tl;dr  Who is their right minds pay $200-$1500 dollars for something 3 months in advance?  Wait until we are closer to Jan 1st for relevant numbers."
t3_38u2qn,post,0,0,0,0,0,train,"Hey /r/webdev! 

If you're like me and use Bootstrap for a lot of websites, you may be familiar with the set of themes made by [Bootswatch]( These themes are built for Bootstrap and look great. 

I have been working on an extension to easily be able to preview these themes on any Bootstrap-based site! (as well as non-Bootstrap ones, they'll probably just look weird). Just open the extension from your Chrome toolbar, select a theme, and it will be applied to the page. You can also mark themes as favorites and access them via the Favorites menu. 

It's available for Google Chrome and you can get it in the Chrome Webstore for free if you'd like to try it out. The source code is also up on GitHub. Let me know what you think!

**tl;dr** Try my Chrome extension to preview Bootswatch themes.

[Chrome Web Store]( | [GitHub Project](

[Preview Image]("
c3oe2u1,comment,1,1,1,1,1,train,"There's a mildly interesting reason why I don't have blinds up. I finally made the jump out of renting and bought a condo. I moved into this place last year but didn't realize window coverings weren't part of the deal. The window was too big, so I needed custom blinds which were purchased in my home city, about 1.5hrs away. I finally got the blinds here and discovered they had given me wall mounts instead of ceiling mounts. When I finally got the right mounts from them months later, I discovered my drill isn't strong enough to drill into the ceiling. So I am currently waiting for a more powerful drill, but finally have all the other pieces needed to put the blinds up. It's not too bad, though, as I still have privacy and the sun is only annoying for a few hours each morning.

tl;dr Yes, I have curtains but haven't been able to put them up yet. The glare is only noticeable to my eyes between 9-11am typically."
ckywsvp,comment,1,1,1,1,1,train,"I see where your getting at and I fully agree with what your saying.  
    
I have units like Luther, Lily, and Selha which would help my team out if I evolved them alot, but I still use units like Dhia, Atro, etc. because of just their pure design.  
  
But I mean as a example, I got 3 of my friends to start playing BF, and most of them are loving it besides 1. He's so concerned with just getting ""the meta units"" that I think he kinda lost the big picture of the game.  
Don't get me wrong, like you said Oulu and Darvanshel are either **Highly Recommended** or a **Must have unit** on your team for future bosses. But I mean when your just using the most meta team because of what videos or what a Youtuber says, I feel like your playing the game wrong.  

tl;dr Agree 100% but I feel like people ""lose"" the game when they just follow tier lists or watching Youtube videos
"
t3_1ydqsu,post,1,1,1,1,1,train,"I used to love greek yogurt. 

After starting paleo about a year ago, I adapted to an abridged paleo that catered to my goals.  Basically, I don't eat junk, and I quit dairy.  
This past week, I bought a TUB of greek yogurt, I don't know what came over me, but it seemed like a good idea at the time.  Long story short, I ate eating greek yogurt with nuts and honey for lunch on Mon. and Tues. 

I sucked at crossfit SO MUCH on both nights.  Had to scale back weight mid workout on both amraps, and just had no energy.  Absolute shit-show.  

The only thing I changed in my diet was the addition of the yogurt.  I'm pretty sure it was the yogurt, but I wanted to ask r/crossfit to be sure. Fire away

TL;DR I re-introduced dairy into my diet, and sucked miserably at crossfit. Help. "
c6huzax,comment,1,1,1,1,1,train,"Whatever you do, don't do HomeSite (sold through Progressive). I wish I'd done my due diligence to research complaints about the company beforehand. We had a fire several years ago that destroyed almost everything we had, and...just don't do it. The double-talk, denials, contradiction, ignorance of their stated policy, endless stalling and subtle blaming of the victim put us through hell enough to threaten legal action to get to the claims payout. The pain you will end up experiencing will be comparable to pulling a nerve from your body to the open air and banging on it with a hammer repeatedly. The process soured us on Progressive *as a whole* merely by association.

We left for USAA and everything was golden (and cheaper) afterward. We now use them for our homeowners insurance.

Related, here's a tip: Whatever you do, don't skimp. Get full RCV (replacement cost value) renters insurance or you're paying to get much less than you'd expect to try and replace what you had. 

**tl;dr:** HomeSite (really, really) bad, USAA (really, really) good. Get an RCV rider; most good insurance companies do it by default. Research complaints."
cehji69,comment,0,0,0,0,0,train,"**Freestyle** (Worldwide)

Neutral (both wrestlers on their feet): Both throws and leg attacks (shots) are used to take your opponent down. High-amplitude throws (suplexes, etc) that take your opponent from their feet to their back are awarded 5 pts. Less dramatic moves that take your opponent from their feet to back are 3 pts, and normal takedowns where your opponent falls to their stomach are 1 pt. If a wrestler steps out of bounds while both wrestlers are on their feet, his opponent gets a point.

On the mat: The top wrestler attempts to expose the bottom guy's back by breaking a 90 degree angle between the bottom guy's shoulderblades and the mat. Each exposure is 2pts, and if you hold him in that position for 5 seconds, you get a bonus point. Top man is allowed to lock his arms around the bottom man's body. Bottom guy generally lays as flat as possible (""big bird""), defending the top guy's attacks for ~10-15 seconds until the ref brings them back to their feet.

**Folkstyle** (only practiced in USA)

Neutral: Both throws and leg attacks are allowed, but your throws must go off to the side instead of straight back. There is no ""pushout point"", and all takedowns are awarded 2pts. Very similar to freestyle, but the throws are not allowed to be as arching/high-amplitude.

On the mat: This is mostly where freestyle and folkstyle differ. In folkstyle, the bottom wrestler needs to try to escape, which earns 1 pt. If he were to assume ""big bird"", he would be called for stalling and give points to his opponent. The top wrestler isn't allowed to lock his hands around the body (only around a head &amp; arm/leg), and the ref doesn't stand the wrestlers back up unless the top man requests it after a break in action (bottom man is still given his escape point).

Right now, the top comment says folkstyle is a baby, dumbed down version of freestyle. That's not true. I agree that FS/GR is more fun and it's stupid that the USA wrestles folkstyle in the first place, but wrestling out from bottom is super valuable and folkstyle is every bit as difficult as freestyle. 

Realistically, it's the same sport under different rules- the relation to MMA is largely the same. Folkstyle wrestlers may be more apt to escape from bottom during scrambles, but wrestling is largely wrestling.

**TL;DR**: Very similar skillsets used in both, but freestyle is more ""on-the-feet"" oriented, while folkstyle features more two-sided exchanges on the mat. "
t3_2ecghh,post,1,1,1,1,1,train,"Hello, thanks for reading.

Over the last weekend I was involved in a very dangerous accident, that left me mostly unconscious for a couple days and dealing with a bad concussion ever since. I'm also on  very heavy pain killers and anti-biotics, I would say my mental state is pretty much a mess right now. 

I used to be a lucky one, lucid dreaming came extremely easily to me and with just an occasional reality checks and a dream journal I had pretty much constant control of my sleeping world. But since the accident, I cant seem to have any effect on my dreams. Has anyone else suffered from a brain injury and felt a change in lucidity? 

I'm on T4's and anti-biotics, the brain injury has me barely conscious for much of the day, and I fall asleep about every 4 hours. Is it better I just wait for healing, and try again once I'm better?

TL:DR; Concussion has my mental state fucked, is lack of lucidity normal? Or should I be concentrating on healing first?"
t3_4mqibp,post,1,1,1,1,1,train,"I seem to have an extremely abnormal connection to animals. Here are some examples of this from my life. 

Once when I was very young my mother use to find stray cats and tame them, well one day she went abd brought me and when she went into the shed it attacked her, for one hour straight she failed and failed. She then walked into the owners house (not owner of the cat, owner of the shed the cat was in, thr owner couldnt get it out so he called my mother, aka the owners friend) to try and find any sort of toy. Well as an idiot I walked into the shed putting myself at risk of being attacked and it stood there, i picked it up and sort of ""cuddled"" it and came to my mum and said ""mummy i got the cat"" and she was confused at how i got it and checked if i was scratched, and i was not. 

Another time was again, when I was a child and there are pigeons all over the street in town and while my grandma was in a shop I was sitting outside on the steps when I saw a pigeon. Being a kid i walked up to it like a lot of the kids did and tried to pick it up and it let me and i held it till my grandma came out and saw, I then put the bird down so she could hold it and when she went to pick it up the bird flew next to my leg and rested against it. There has been other times but i dont want to make thid block of text any bigger... Is it possible I have some odd connection with animals or is it just a load of coincidences. I have had things like these happen at least once a year. 


Tl;DR THIS IS A BLOCK OF TEXT! That text is me explaining what happens with me and animals, read it or not... Animals love me a lot more than anybody else its weird, answer my damn question! :)"
t3_28zl8y,post,1,1,1,1,1,train,"I'll try to keep this short, but I want to start at the beginning.

I have been struggling with addiction for a lot of years.  The addiction, along with a lot of other factors, have left me broken in all areas of my life...particularly with finances and relationships.  I am currently clean and sober and I want to stay that way.

In March, I was caught with some drugs in my car.  They charged me with felony possession, but they dropped it to misdemeanor drug abuse.  I am on probation and will be for two years.

In addition to the drug problems, I went for an eight month period where I was unemployed.  I was laid off due to outsourcing.  At this time, our mortgage was not paid.  The house was foreclosed on.  Because of this, and a lot of other financial problems, my wife and I declared bankruptcy.  We just signed the papers a couple of weeks ago.

In addition to that, we are working on getting a divorce.  This has been a long time coming.  I know I'll never get custody, so I would like to leave my wife and kids in the house that we are currently living in.  I have been looking for apartments in the area.

TLDR - I have a recent charge of misdemeanor drug abuse on my record.  I just filed for bankruptcy.  I am getting a divorce and need to find an apartment.

My problem is that at every place I have looked, either the drug charge or the bankruptcy (or both) disqualify me from being accepted to rent the apartment.  I could get a hotel, and rent the place weekly, but I'd really rather have a real place with a stove and refrigerator that I can live.  

Maybe legal advice isn't the right place to post this.  My original questions was: Do these places really do background checks?  I assume if I lie, I will get caught, right?  I just don't know what else to do.  If I'm honest, I will be disqualified, and if I lie, they will find out.

I have to figure this out soon.  Do you have any thoughts or suggestions?"
cb6er59,comment,0,0,0,0,0,train,"You aren't focusing on the throw itself. From my very first word that is what I am focusing on. I have agreed that the play is a great play. I have agreed that I was wrong about the first to third. Several times. But that doesn't address the fact that the throw was ridiculously high and not an especially exceptional throw. All that this throw shows us is that he has at least an average arm (you will also note that I have said that his arm is by no means average). 75% may be too much, but 5 is no better.  
  
TL;DR: The throw was average. That's all I'm saying."
c8kr1kl,comment,0,0,0,0,0,train,"Hmm, Lychguard.  
Word of advice: don't expect much from them.  
Yes, they can hurt things they hit with those Warscythes, but first you have to overcome the LG's two biggest hindrances: mobility and survivability.  
Yes, there are ways to get them to a spot on the table (Nightscythe, Monolith, teleport), but if you use any of those methods, your Lychguard will spend an entire turn just sitting there doing nothing, as they will be unable to charge the same turn they arrive.  
Alternatively, you can walk them across the table so they'll be able to charge once they get into position, but that will take far too long.  
And of course, in both cases, your opponent will be pouring massive amounts of firepower at them. Without the shield, they don't usually last long like that...

TL;DR- Lychguard are usually played defensively. If you must use them, keep them close to the Warriors to be an assault deterrent/hammer to their anvil.  
(personally, I prefer Wraiths to do my combat dirty work)"
c2o9ms5,comment,1,1,1,1,1,train,"Not so. Former Accutane user who was a twenty-something calorie counting vegetarian with a normal BMI when I had to have cholecystectomy. It took forever to get diagnosed because I don't fit the profile of someone with gallbladder issues (e.g. overweight). I was even told to ""light a candle and take a Zumba class"" to get rid of my stress since I obviously didn't have real gastrointestinal problems. 

After the surgery, I have post-cholecystectomy syndrome and can't eat most of the same things (all dairy, fried foods, booze). The plus side is that I can maintain my weight fairly easily, but I did cry at one point over not being able to eat cheese. 

TL;DR: Wasn't fat, had to have gallbladder out, still can't eat anything, wept about cheese. 
 "
c3qjg7t,comment,0,0,0,0,0,train,"I study creativity and innovative psychology, and I see this kind of stuff all the time, so let me chime in here:

This article overlooks several things that, admittedly, are difficult to measure. Brainstorming is not about creating a bunch of ideas, but creating novel ideas *from* a bunch of ideas.

The fact of the matter is, the introduction of a group allows for the development of novel concepts. The need for a lack of criticism is so that you can extend beyond the mundane. What does it matter if I come of with 7 more ideas due to criticism, if that criticism leads me to think of seven flat ideas?

Additionally, they remove some of the most important steps of creative problem solving. They produce ideas, but they don't seek combinations. They don't strive for novelty. They diverge, but they never converge. Convergence allows you to start judging things and producing practicality out of the freewheeling.

Every time I hear someone say brainstorming doesn't work, I find that they do it wrong. It's a fad of academia to say brainstorming doesn't work; it comes in waves. Ever since it's inception, it's been criticized and proven in cycles.

TL;DR: The article is flawed and based on a fad of disproving brainstorming."
co2lhvp,comment,0,0,0,0,0,train,"Not really a matter of feeling sorry or handing out sympathy, just an examination of what happened.  Something obviously put them in the mindset that they would be ok, but we see that mindset all over the place with dangerous things.

We drive a ton of metal around at high speeds and a lot of us seem to think it's a joke to have road rage or that it's ok to slam on brakes to make a point.  

Everyone exercises some sort of stupidity.  The fact that it ended up fatal in this case doesn't really change it for me.  I don't think anything needs to be done, it was just an accident.  They should've known better, but I won't put them down based on a single moment of their life.

TL;DR 

Being hit by a train once doesn't make someone a Kevin.  You gotta double down."
t3_2v2hq4,post,0,0,0,0,0,train,"I'm currently house hunting in the suburbs of Buffalo, NY.  As of right now there is about 18 inches of snow on the ground with at least 7 more forecast for Sunday.  I plan on going to open houses and I'm hesitant to make an offer on something I can't really see but I also realize that being out in the snow early in the year gives me an advantage.  I don't want to wait on a house I like only to find out someone else took a leap of faith and put an offer in before the snow melts.  I plan on having a home inspection but i understand that inspectors aren't going to be able to see a lot of things including some of the foundation and roof.  
TL;DR Questions are as follows
Can I make the sale contingent on more than one inspection?  If I put in an offer any time soon with the program I'm in I wouldn't end up closing until the end of March at the soonest.  This gives me time to have a second home inspection after the snow melts.  
What would be an appropriate amount to put down as earnest money on a house around $150k?  And, would I be able to recover that amount if problems are uncovered before closing?"
ckqw6sp,comment,0,0,0,0,0,train,"People who say it's good don't know what they are talking about. It might seem like the best thing ever, like inDesign for websites, but there is a key difference between documents and websites. Websites are active, fluid things, that exist on a network and need to be viewed by other software, by search engines, need to have dynamic portions, and need to be coded a hell of a lot better than what muse puts out. Basically, its a WYSIWYG editor, and its not the only one. There are others like webflow or the recently created macaw. But all of these things don't create good code, muse especially. For example, you can use these things called classes in HTML to help distinguish some elements from others, so that you can style them in CSS. But you can't just create the classes willy nilly, they should be thought out and constructed carefully so that things like load times won't be an issue. Web Developers take into account this thing called DRY (Don't Repeat Yourself). Muse doesn't. It will create classes for anything and everything, even if it seems like it should be the same as some previously used element. So it can design stuff sure, but the code that goes with that design is pretty terrible if not unusable for adding things in. In websites, there's a lot of things that you need to take into account, and muse just doesn't deal with them well enough. If you go over to /r/web_design people will laugh at you for using muse honestly. I know graphic designers don't like the idea of code, but it's weird, because things like CSS are already things that every designer should know. Background colors, margins, padding, etc. It's not rocket science, it's just design that has been abstracted one level. You have to type something instead of dragging something. I really think graphic designers already have such a knack for creating websites, and they don't want to because they see code and think they can't do it. So trust me, don't use muse. Just don't. Don't even use dreamweaver. Adobe should only be involved (for now, we'll see how things like adobe edge pan out) in the web design workflow with photoshop and illustrator. You are far better off creating websites in just simple text editors, like Sublime text 2/3 or brackets

TL;DR Trust me, Muse sucks"
t3_xngq0,post,1,1,1,1,1,train,"This is my first post here so if I mess up, let me know and ill do my best to fix it.


A couple of months ago my grandparents wanted me to help them switch from a VCR into a DVD because the new T.V. they got (that I set up) wouldn't support the VCR. So I just connected the cables, turned it on, tested a DVD, boom there goes the dynamite. I'm done right?


Well I get a call over my weekend (tues ,wed, thurs). That their DVD player wont work anymore......ok? That's kind of odd. I go over to their place and see whats up. Connections, check. Power, check. DVD (label up) in tray, check. I close the tray and nothing happens. I feel the box and I don't feel the familiar vibrations of a spinning disk. Power cycle, Check. Same problem. I tell them the motor is probably dead and they need to buy a new one.



I go with them to buy a new one. This time not the same brand. We go home and I watch 12 angry men with my grandparents. Now when we get to the end of the film, my grandpa hits rewind. And walks out the room......


I ask if he always did that with DVDs and he told me yes. I then tell him that he doesn't need to rewind DVDs like VHS tapes and you can just shut it off and when you turn it on it will start at the beginning.


I didn't tell him that's probably how his first one broke. but I doubt it will happen again.


TL;DR: Watched Benjamin button in reverse. Not nearly as interesting."
t3_3fts47,post,0,0,0,0,0,train,"First of all, hello to anyone who reads this! I apologize in advance if I do/say something wrong, it's been a while, but at the very least I know the basics.

As the title says, I decided to get back into magic (along with a few of my close friends) and I have had it on my mind for some time to build an EDH deck around my favorite tribe. Slivers!

I pretty much wanna ask some very basic questions and get some input from y'all.

~Mana:

How can I make a Five Color deck as consistent as possible? Which lands (if any) are staples in decks such as these?

~Removal:

I remember when I played my Sliver deck (60 cards, not EDH) with my buds at school, board wipes hurt... *a lot*. Sometimes too much for me to be able to recover from. Any suggestions on to mitigating the damage to my field post-wipe or maybe even pre-wipe? 

Some cards that come to mind are [[Crypt Sliver]], [[Clot Sliver]], and [[Frenetic Sliver]] (if I'm feeling lucky) and some other Slivers can do some sort of shenanigans as well especially paired with [[Quick Sliver]]. But that's all I got in my rusty mind.

~Synergy:

Besides... well... *Slivers*, what other sort of enchantments/artifacts/whatever that work well with the Tibal aspect? Figured since my commander (For the time being, it'll be Overlord) is all five colors, the doors are pretty wide open in terms of options. Putting [[Harmonic Sliver]] in the back of my mind that *iiiiffff* there are cool Artifacts/Enchantments out, they gon' go boom if Harmonic is already out and about (assuming I don't have anything to remove him from the field)

~General Utility:

Having Overlord as my Sliver Tutor already gives me some degree of consistency, are there any other types of utility spells that are nice to have?

~Conclusion:

That's pretty much it folks, to those who took the time to read this, I thank you greatly. 

Oh wait! One last thing! I figured it's relatively important to say that this is going to be a personal project of mine to build a deck from my favorite tribe in the Magic series, I have very few cards at my disposal AT THE MOMENT (I pretty much have the three big ones (Overlord, Queen, Legion), Gemhide, and a few others). I don't really have a restricted budget but I am limiting my purchases to 1-3 cards a paycheck depending on how pricey they are, figure if I get the pricey ones out of the way, so I can get the cheaper ones in batches.

Tl;Dr: Building my first EDH deck, it's a Slivers Tribal deck. Suggestions on where to start?"
t3_jjklb,post,1,1,1,1,1,train,"Yesterday I was sitting exactly 90 yards from the middle of the green, with the flag right in the middle.

Me: ""I hate being right between clubs. I gotta figure this out once and for all. My 60^o goes 80, and my 56^o goes 100""

*I remember my friends' only wedge is a 58^o*

Me: ""Hey. Can I borrow your 58^o. That would be perfect!""

Friend: ""Sure.""

I think hit his 58^o exactly pin high, 4 feet to the left of the flag.

Obviously, this isn't legal... but it means I need to learn how to fill the gaps between my wedges. His 58^o led me to an easy birdie. Has I used my 60^o or my 56^o, I would have had a 30+ foot putt. That takes away a great birdie chance.

What do you guys do to fill the gaps? I hear some people choke up, but I've never felt great doing that. My clubs need a 1/2"" plug as is, and I'd hate to make it shorter by choking up especially with such a short club to begin with.

Does anyone do anything like put the ball back in their stance and effectively de-loft the club a bit? Does that lead you to pushes at all being back in the stance? What distance differences can you expect with this?

tl:dr; How do you fill the distances between your approach wedges? Describe how the ball, stance, club, swing differs from your regular shot and what you can expect in distance change, trajectory, spin, etc."
c5wosgp,comment,0,0,0,0,0,train,"On this note, what I would like to ask of mods is how specifically tournament should be handled by us, in regards to how spammy it may get. I for one write tournament reports for every fnm, Tuesday &amp; Wednesday mostly for myself so when I look back on the week and what tweaks I need to make to my deck I have a fresh look at what went down earlier. However I'm sure many other people do this, and if everyone started posting reports for every tournament they enter it would get really spammy, but there is a lot of insight that can be gained from them, especially if you start talking to someone whose playing the same deck as you.

TL/DR: We need to figure out a way for at least tournament reports so it doesn't get super spammy :P I guess. Iuno.  "
t3_49gjju,post,0,1,1,0,1,train,"Hello bra friends! 

This is my third post: 

1. [Measurement Check](
2. [Fit Check no 1](

Last time I tried the Elomi Cate and the Panache Andorra, both in 42HH. They were totally wrong for me. 

I just tried the Sculptresse Chi Chi by Panache in a 46G. [Pic](

The pros: 

1. Panache *is* really tight, like people have said, and the 46 does seem to be the right band size for me. The band actually sat even with my boobs and was basically horizontal. Amazing.
2. The gore was touching me! 
3. It fit on my body! 

The cons:

1. The under wire still ended up exactly halfway into my armpit. 
2. Dear god the band was uncomfortable to actually wear. In one microsecond, the band flipped up and then ALL THE WEIGHT OF THE ENTIRE UNIVERSE was concentrated on the thin line where it folded over. Excruciating.
3. The gore was actually *stabbing* me in the chest. 
4. Very visible seam directly across the breast under every item of clothing, even a sweatshirt. 
5. Too wide. The straps were sliding off my shoulders. 
6. Accentuated the normally small size difference between breasts. Moving my arms created a mild quadboobing on the left, extra fabric to crinkle up on the right. 
7. Bra was extremely thin, and my nipple didn't hit the seam, so it was very nipply under clothing.
8. Made my boobs too wide instead of shaped upwards. Like, they looked like low, sloping downwards breasts in this bra.

tl;dr: ow. Bra sorta fit, boob cage area needed to be the same size but a different shape? Mostly narrower? The painful flip actually caused my back to cramp and spasm!

I'm desperate for any suggestions. My last two bras are at the ""advanced decomposition"" stage. :( "
coo74ae,comment,0,1,1,1,0,train,"The story: My dad has been a collector of many things for as long as I've been alive and he's constantly buying various things. He has a huge building that he built (he's a carpenter for a living so he can build pretty much anything) to store all of the various things he buys. He's quite fond of toys (we actually have one of the largest G.I. Joe collections in the United States) but he has bought a few video game things on occasion.

The box of NES games were purchased probably 10 years ago after some video store went out of business. He can't remember what he gave for it all but he's guessing it was $1 or $2 per game. Until I recovered them, they were sitting in the building buried under some other boxes.

The Atari 2600 was discovered last week and he has no idea where it came from or how much he gave. The Sega Dreamcast was part of a huge transfer truck of ""return"" items (thus the orange sticker on it) he bought several years ago. A lot of the return items were actually not broken at all. Someone just returned them for whatever reason and the store did not put them back on the shelf as brand new so they had to end up somewhere. It's been sitting in the building for probably 6 years.

TL;DR My dad buys awesome stuff and occasionally passes it on to his children. He's probably cooler than your dad."
t3_1szgff,post,0,0,0,0,0,train,"I'm currently a university student in Canada who is 95% sure he's joining the regular forces as an infantry officer (or at least applying to) when I finish my degree which will be a couple of years down the road. It's not going to be a career for me, but it is something I feel strongly about and I do feel like I'm doing it for the right reasons. I say 95% simply because I can't predict what the next half decade is going to throw my way.

In my research (read ""lurking"") I've come across something of a conflict in my thinking. I see a tonne of posts on this and other subreddits regarding deep respect and admiration for those who have seen combat. I understand this and can totally get behind it. However, I also see several comments on this and /r/canadianforces, generally in response to someone asking about their likelihood of seeing combat, that someone who actively wants to see combat should reconsider joining the military. I also understand the rationale behind this. Nobody should ever be putting their command in unnecessary danger for the sake of thrill seeking.

My question, roughly, is this; Should I want to never see combat?

I find it odd that as a community you should look up to combat veterans and yet simultaneously discourage people from wanting to become one. Am I reading the sentiment wrong, or is there something I haven't thought of? I can't lie when I say there is a part of me that wants to fight, but it's not as if I'm some bloodthirsty savage. Given the option, I feel I would do my absolute best to avoid combat but I feel like never even having that decision in front of me would leave me never feeling like a real soldier.

TL;DR: I can't decide if being a combat veteran is a noble aspiration or a dangerous flaw."
cbbk05g,comment,0,0,0,0,0,train,"It's not about seeing the baby or anything else, but what if it's ectopic, or a crazy cyst, or something else that's wrong, and not a baby?  I'm not a voyeur, the baby can do its thing for however long it needs to, but I'd just like someone to do something to confirm there's a baby in there at all, and answer my totally newbie questions.

I understand it's this way for a reason, it just feels obscene when I'm sitting around doing nothing for the next few weeks with no one to double-check that I'm actually pregnant and not giving up my summer funtimes for nothing.

TL;DR: you're right, I know you're right, I'm just annoyed."
cq1guef,comment,0,0,0,0,0,train,"Although some customers may turn away from the Gadsden background, I appreciate it. I would have pride in purchasing from a shop that is politically active about gun rights, especially in a restrictive state such as Illinois. The media has demonized the Gadsden flag and falsely labeled it for the flag of ignorent right wingers. The people that get butthurt over it just need to meet and talk to more people that proudly fly it below the American flag, as we are as freedom loving as Americans can get. And that's a fact, Jack! Now I don't know very much about photography, but I think it's a pretty picture lol. Don't be afraid of color in the background, plain white can get boring imo. 
Tl;dr: a lot of gun lovers won't get offended by this flag, especially those who understand it. Don't be afraid to use it, along with a ""come and take it"" or ""modern musket"". Hoo-rah!"
t3_30m21i,post,1,1,1,1,1,train,"I usually had weird and average dreams or none growing up. I saw people I knew, doing normal but out of place things, and at the weirdest they were in the wrong place. Overall, nothing remarkable.

**However,** that wasn't the case last night. After waking up and going back to sleep, I proceeded to find myself on the senate/house floor. Someone was at the front making an argument for a new policy or something.
* I was sitting at one of the seats, or standing in the center isle.
* I was surrounded by politicians *typing furiously.*
* A couple were looking at images and 3 were goofing off.

I wasn't really sure what was going on so I was on the internet as usual. Then all of a sudden my older friend showed up and covered my screen telling me to turn it off. Then, I was confused but I did it anyway since he is usually right and wouldn't do something like that unless it was serious. Then I noticed all his other authority-holding older friends were there, with computer screens. Looking at things WAY worse than what I was doing. And before I even asked, they said ""We re-encrypted our computers, they'll never see it.""

* That was so like them. To be in the middle of the govt and still be fooling the govt. And with such confidence, too, because they know they have to skills to back it up. (That's why I respect their authority. I usually don't respect anyone's authority as a cardinal rule of being a teenager.)
* Then I was a combination of impressed, confused, scared and worried about what would have happened if they hadn't stopped me. 
* I don't even know what I was doing but I didn't think it was anything bad or inappropriate. But whatever! That's not important when you're inside the govt.
* And I'm pretty sure that thought was the one that woke me up. (Because it made too much sense to stay asleep.)

I didn't think much about it at first, but I later realized that: If everyone in congress had a computer, they would be way more efficient!
* At any given time, we have 99 (senate) or 431 (house) brilliant people sitting there wasting their time, some not even paying attention. What a waste!

They could be having 100s of arguments at once in multiple-forum style, or they could just be listening to the person currently holding the floor and be coming up with well-thought out and **researched** arguments *as they think of them* instead of later.
* They could be WAY more thorough than they are now.
* Think of all the fallacious arguments that would go out the window!
* Think of how much more scrutiny they could give an idea in just ONE hour instead of spending 10 days on it?

TL;DR: Everyone in congress needs a laptop with them when they aren't on the floor. Efficiency would skyrocket! (Or plummet, depending on how they use it.)"
t3_33h7eh,post,1,1,1,1,1,train,"I remember being in RN school at my local community college during this time of year. It's almost the end of the semester and everyone is stressing about the finals. For some, it's do or die time. The finals can decide if a person stays in nursing school or not. Now with that being said.........DON'T ASK SOMEONE IF THEY FAILED OUT. 


That is one of the most annoying things about being a nursing student. Also, don't ask someone ""Do you think nursing is for you?"". You're still a student. You haven't passed NCLEX yet. You haven't gained experience in the field yet. This goes for LPNs, RNs,  and other higher level nurses. You don't decide someone's career or future. 


I failed out of RN school, got myself straightened out, went to LPN school, got my license, and I'm applying for a RN program. When someone failed out of nursing school, it is a pretty depressing thing. The student doesn't need other students bugging him or her during that time. Also, don't tell anyone that someone failed out. That's the type of shit that rats do. Don't ask around if someone failed and don't go around spreading the news that someone failed. Let it be. Don't give me that ""We're just discussing"" or ""people are going to find out someway or another"" BS statements. 


TL;DR- Quit asking around if someone failed out of nursing school and don't be the one spreading the news.  "
t3_4v8tqp,post,1,1,1,1,1,train,"I started lurking this sub since around 2011 (I know my account is from 2012, this is not my first reddit account), and I have to say I have never seen the moderator team so involved in making this community the most incredible hub of everything related to Liverpool FC. Mod participation in the community and the recent overhaul are obviously big highlights in the work these mods have done, but these are just a part of what I am here to talk about. 

**In the past, and when the new UI overhaul launched, a few people were complaining about all types of Match Threads having little visibility. And some additionally complained about the release timing of Pre and Post Match Threads posting and sticking for visibility. Notwithstanding, Post Match Threads are now stickied and created the exact second a match ends. All current Match Threads are at the top of the sub, and days after the complaints came in, are highlit in glorious Liverpool Red for the entire community to see.**
#TL;DR: Since I first started browsing reddit in 2010, I have never seen a mod team that is as engaged as they are in this community and I cannot thank them enough for facilitating the spreading of my love for this wonderful club. So thank you: /u/Plastic_Mouldsman, /u/severedfragile, and /u/emre23 (Even though you are not a mod, you should be. You make the ""Liverpool Nation"" proud.)"
cpp0e43,comment,0,0,0,0,0,train,"As a developer I'd like to clear something up; unless its an indie studio we basically have no say on what we make. If the 'business' people (wannabe wolfs of wallstreet w.w.w.) say do it we do it with the tools given to us by the device manufacturers and limitations put in place by everybody but us. I've long stopped making games but thats how it is basically.

Now on the other hand theres studios like Mojang(makers of minecraft) where the developer controlled how the game was done because its his company and hes the one making the product and was limited only by the power of the pc.

***tl;dr: Developers and publishers are different aspects of the gaming business. E.g. Ubisoft and Mojang arent reigned over the same way.***"
t3_3202ov,post,1,1,1,1,1,train,"Hey there guys, it's been a long time since [my last post](

In the meantime I have been developing Hearthpedia for Android on my free time, I managed to finish the 1.0 version to release on Google Play this past week, here's a [sneak peak]( and ~~[here's the actual Hearthpedia 1.0 apk]( here's an update to [Hearthpedia 1.0.1 apk](

Now for the bad news, unfortunately the Google Play support/review team is rejecting Hearthpedia on the basis that it includes copyrighted content from Blizzard, as can be seen [here]( I tried appealing with an email exchanged with Blizzard's legal team in regards of Hearthpedia for iOS in which they wrote that the following statement back:

As mentioned, your app uses the ""Hearthstone"" trademark in the app name and app description. Blizzard owns this trademark, and can control the commercial use of the trademark. However, in order to support fans, Blizzard allows app devs to use it, if their app complies with the following:

&gt; To comply with Blizzard guidelines, please change the title of your application so that it does not feature Hearthstone as the first word. Do not charge for content or solicit for donations, or feature ads within your app

This is a policy I'm following strictly with Hearthpedia for Android, but apparently I need a written letter to prove that this is actually Blizzard policy in regards to apps displaying content from the IP (as seen [here](

As such I tried to contact Blizzard for some kind of response but I got nothing yet, I'm asking all of you guys if you can help me somehow get the job done. [You are my only hope!](

At the moment, and for the foreseable future, Hearthpedia for Android is and will stay completly free and with no advertising whatsoever.

As always feel free to consider this an AMA, I will try to answer what you throw at me.

**TL:DR:** Google Play rejected Hearthpedia, need help to get in touch with Blizzard.

~~[Hearthpedia 1.0 Download link](

[Hearthpedia 1.0.1 Download link](

[AMA Verification]("
cmw1q1m,comment,0,1,0,1,0,train,"From Chicago here, got some in-laws in Rockford. I did some time in the ISO myself, and learned alot about the inner workings of Leninist groups. 

My advice is to work with them, maybe even join them. You'll get to do on the ground work, and see the inner machinations of the group. If you're smart, you'll quickly see that while oftentimes they are the only ones fighting on certain issues, they are not fighting battles to win them. They are fighting battles in the name of recruitment. Any struggle that leadership does not think will get then members quickly gets abandoned, and anyone who doesn't you're the party line will get pushed, sometimes subtle, sometimes not so subtle. 

TLDR work with Leninist and come to your own conclusions. It can't hurt too much!"
t3_353i66,post,0,1,1,0,1,train,"I know that there is a sub on building access but it's buried pretty deep now and I believe the station has only opened up since heists were released.

Last night, while escaping some bad guys, I ducked into a small gated alley at the rear of the main police station downtown (Mission Row station). At the back of the alley, there were a set of stairs heading down. Oddly enough, the doors opened into the cells area of the station which then goes on to give you access to most of the station inside. 

You can camp in the lobby and shoot out through the glass but the cops can't get in. They have to come through the back entrance too. Awesome. 

TL:DR. The main police station is explorable now."
cebo7qf,comment,0,1,0,0,1,train,"I started at 11/hr with no direct experience, so the pay, I am not complaining about. I'm thankful to have a job in this market. They treat us like shit though, and it reflects on our job performance. The morale sucks and the departments don't cooperate so you get painters on top of GMs trying to paint around repair work, and the fucking GMs brush up on wet paint and fuck up stuff.

We have, on average, 7 hours to do a two bedroom apartment on a two man crew (half that for a 1bd) Which, if the unit is clean and needs no wall or ceiling repairs (which we do, not the GMs), is doable. If, however, the entire upstairs ceiling was fucked and the popcorn looked like it'd come down if you breathed on it wrong...it's more like two and a half days. Oh, and it rents tomorrow. Oh, and the carpet guy still needs to come so fucking hurry. That was my last few days. I fell off a ladder too, on Christmas Eve, at work.

TL;DR: Fuck APM. Merry Christmas. :P

Edit: Sorry for the bitchy rant. I have bronchitis and I was at work today breathing in who knows what making it worse. I'm cranky."
t3_oio3b,post,0,1,1,0,1,train,"A friend of mine has a 4.5 inch pleco in her **1.5 gallon** tank, and she said she would give it to me for my 30 gallon, since its obviously outgrown it. Ive worked out my inches of fish and it'll definitely fit. I just need to know if it'll do well with my other fish. I have serpea's, platys, otos, a goby, and a pea puffer (Ive already been told of my less than optimal community)  I was just hoping someone could let me know if it would be okay in my tank since the advice given from you guys is always so good.

tl;dr will a pleco be okay wit serpeas, platys, otos, a pea puffer, and a goby?"
c3bhpac,comment,0,1,0,1,0,train,"""Keep in mind how Germany feels very guilty and constantly tries to redeem their past crimes against humanity while Japan constantly denies all of this.""

I'm not so sure about this. Last time I checked the German people havent picked out a day of shame on their calendar to solemnly remember the terrible things their grandparents did way back in the 40s. Bear in mind though that they very, very rarely make a big deal about the berlin wall and the annexation of half it's population either. I mean, jesus christ the huge ass 10 year aniversary only became a big issue once a massive international congregation dropped in to make a fuss about it (including gorbachev).

No government will ever really admit to being a bad guy at some point or another without being grilled first. Just take the british concentration camps that sprung up all over africa after the end of world war 2 in the 50s; Many thousands died at the hands of their colonial masters but it only just made news that we were apologizing for it 60 years after the dust settles. The same goes for the french in the precursor conflict to the american war in vietnam.

People also tend to forget the italians had their fair share of full on disgusting debauchery during world war II, not to mention the countless foreign regime changes instigated over the years by the CIA at the behest of the american government that still go unanswered for. Ever heard of the road of bones? That huge ass russian road that got it's name from stalin burying his political enemies under it during construction (all x000000 of them)? They still deny that shit flat out in spite of a mountain of photographic evidence and dental records of corpses exhumed from the road.

Yes, the Japanese army were sick fucks doing some mad shit. However, singling them out and accusing them of denying their dirty little chapter of history is kind of inconsequential when you consider that every nation has a skeleton in it's closet you'll find if you just rattle it hard enough.

Edit: Tl;dr Governments like to deny shit that blatantly happened"
t3_e6725,post,0,0,0,0,0,train,"Lately I have been thinking about Kanye West and all the flack he's received for ""Just being Kanye.""  Anyways, I was wondering if I'm really the only one that actually likes that crazy aspect in musicians.  The ones that aren't afraid to lose it and I suppose, tell it like it is, as in the case with Taylor Swift.  Also, if we look at history, aren't all the greats pretty out there?  Bob Dylan told off just about everyone he ever worked with, John Lennon was busy making and breaking current trends, and we don't even need to start on Jim Morrison or Hendrix.

TL;DR:  Musicians are crazy, it's okay in my eyes.  It makes them awesome and definitely less boring.  Also, ""Why can't they just let Kanye be Kanye."""
t3_254yek,post,1,1,1,1,1,train,"In August of 2012 my roommate/best friend started dating this girl that he met on POF.  After four months of dating, they announced that they were pregnant.  The kid was definitely an accident, but they both had a positive attitude (my friend had been wanting to settle down for a while).  To me, he looked happy/excited, so I was as well.

They then bought a house together and she had the kid.  From my POV, everything looked like it was going well.  My friend was being an awesome father.  Spending time with his kid, working to be a good provider.  They took a trip to Disneyland and that's where my friend proposed to her.  She accepted.  

But, one day I get a text from him saying ""Hey man, can I come over? I really need to talk to someone.""  He informed me that she broke up with him and ended the engagement.  She was coming over tomorrow to pick up her stuff and move out.  Confused, I asked what was the reasoning behind this?  He said that since she was 19, she wanted to go out and party and ""have a life"".  She was already seeing another guy too.

I've known this guy since I was in grade three and I've never seen him like this.  His entire world was shattered and just didn't know what to do.  He gets his kid once every two weeks.  He then said this: ""I love my kid, don't get me wrong, but now, I'm indirectly stuck with this girl for the rest of my life.  I hate going over there to pick him up because I have to deal with her. I just want to forget her, but that's not fair to him (his kid).""

TL; DR  Friend gets engaged to a girl after having a kid with her, girl changes her mind and calls off the engagement out of the blue, messes up my friend"
t3_3siaph,post,1,1,1,1,1,train,"Alternatively, what was a recent thing that made you genuinely smile?

Personally, my favourite band is called Beach House. One of my favourite songs by them is called Master of None. Recently a show came out on Netflix called Master of None starring Aziz Ansari and I'll admit I was interested partly because it has the name of one of my favourite songs by one of my favourite bands but also because of Aziz. 

Anyways, I was hoping that at some point they would have that song in the show (maybe in the opening title or something), seeing as though it has the same name. Then, I get to the end of episode 3 and during the closing credits they play Master of None. I realized I just had the biggest grin on my face because I love the song so much and it's playing on my new favourite show. 

**TL;DR:** New Netflix show ""Master of None"" play Beach House's ""Master of None"" in the credits and I loved it."
t3_hqfbe,post,1,1,1,1,1,train,"I have spent the last 4 days scouring used car dealerships online, and I am completely overwhelmed. Then it hit me - Why not try asking reddit? I figured it was worth a shot.


Right now I drive a Ford Taurus station wagon, circa 2000 with 160,000+ miles. The insides are rusting out, and it is time to move on. Rest in peace, my little (big) car.

New (Used) Car Needs:

* Safety ratings need to be high. 
* Want something that is gas efficient.
* I am a short person, so driving a ""tall"" car makes me feel like I am about to topple over. But I am also used to the great space that a station wagon gives me. Though I don't need that much space, I would like something with decent trunk room.
* Automatic transmission 
* Made within the last 5-8 years
* Kelly Blue Book price under $20,000


There are a lot of choices with all of these qualifications... but what are your favorites and why? I would really appreciate the help!

TL;DR - Tell ignorant-about-cars-person what used car to purchase. 
"
t3_2h0sge,post,1,1,1,1,1,train,"Preface: For some reason little dogs have always disliked me, yet cats and big dogs seem to love me. I have no idea why.

I was walking to my car in my apartment complex's car park. My face was buried in my phone texting someone, when there comes barking from the other end of the car park. I look up to see two women and a girl (she was around 10 I think) standing there and a little terrier type thing barking and running at me. I look to the women to see if they are going to do anything. They don't, they are talking to each other and are seemingly oblivious regarding the actions of their dog. The dog runs into within a couple of metres of me, darting in, darting out barking, growling. The women, watching now, do nothing. 

I say loudly ""Get this thing away from me!""

No response. So I say louder ""Get this fucking thing away from me!"" 

All hell broke loose. An incoherent screech issued forth from one of the women as she stormed towards me. Taken aback I said ""What?"" She repeated herself a couple more times before I could make out what she was saying, ""WHAT DID YOU SAY!""

I replied ""Get this thing away from me."" If possible her voice achieved a higher frequency than before. ""HOW DARE YOU SWEAR IN FRONT OF A CHILD!""

Ahh! I think, a sancti-mummy. Realising I don't want some kind of neighbourly dispute I say ""I apologise for the swearing, but you need to put a leash on that dog.""

She simply glares at me and yells that I am a bad person for swearing in front of children. Meanwhile the dog has run off.

I remind myself once again about neighbourly peace, knowing I should keep my mouth shut, but my temper was fraying and I thought fuck it, so I responded ""And you think losing your temper and screeching at a stranger sets a good example for your child?"" I wanted to add that maybe the dog wasn't the only animal that required a leash, but well, I was trying to be reasonably civilised.

She stares at me open mouthed for a moment, mercifully no sound was being produced, then turns around and walks back to her kid, the other woman and the dog. I get in my car and drive off.

I have seen her around a couple of times since then. I always make sure to give her a large smile and a wave. She frowns and looks away. I haven't seen the dog in the car park since then. I do hear it barking sometimes though.

tl;dr - I now know what an angry excitable harpy would sound like after sucking on helium."
t3_35l2px,post,0,0,0,0,0,train,"Hey, I really need some help with this issue and I've scoured the internet looking for help and now I'm here.

So, I'm currently streaming using Xsplit and I'm Also using TCP Relay to increase my Frames and Stream Quality. 

But I'm having this issue where when my stream starts, the delay is only the 20-30 seconds that are permanent, but slowly the Delay builds up until it gets to like the 30minutes plus of delay. 

If anyone can help me, I would be so happy as it is currently really hard to connect with my viewers as it is at the moment.

Thanks a heap.

TL;DR: Getting MUCH MORE delay than the required 30 seconds."
t3_1oca7z,post,0,0,0,0,0,train,"I have spent a lot of time recently studying music theory and composition, although I have no formal training in music, I feel like I can comment on this subject and help out the slightly less musically educated.

Simply put, writing melodies is completely and totally up to you and what you feel ""sounds right"".  Seriously.

Yes, there are things to know about how tones move (literally nothing more than measuring change in pitch between different notes), and changing the melody rhythmically, but when it comes down to it, IT'S UP TO YOU.

So don't let your lack of knowledge of music theory and composition stop you from doing the most important thing in all of making music; PRACTICE.  PRACTICE.  PRACTICE.  You are going to suck.  You're going to suck a bit more.  Then, you'll end up with something you like and be elated.  Then you'll suck some more.  Then things will start to click and make more sense.

**TL;DR:  Writing good melodies is up to your sense of how music should work.  So go out there and compose.**

Edit:  I should mention that I was talking only about writing melodies, NOT chords or any other compositional stuff."
t3_embtc,post,0,0,0,0,0,train,"I am a first year math student and am taking a course based on discrete math and number theory. I really do love this class and I have a great conceptual understanding of even some of the more bizarre esoteric results that we have discussed in class (proofs of denurmably infinite sets and the fundamental theorem of arithmetic for refrance.) however I really struggle with what a lot of people consider basic math skills like algebra. With this in mind I was hoping that you could share some of the ticks you use to solve induction problems or even basic tips for someone who has difficulty ""seeing"" algebraic relationships.
Tl;DR Need some tips and tricks on solving inductions because I am full of fail when it comes to algebra. "
t3_2c9sww,post,1,1,1,1,1,train,"Long time lurker, first time posting, etc, etc.

My last two years of college I worked for an IT/AV department on campus. We managed around 200 classrooms on campus so our only clients were professors and TAs. 

One day a call comes in where a professor said her screen just went black but she didn't want immediate assistance, she would prefer us to come by after her class. I recognized her name from previous calls and new this would be an interesting one. I assumed the projector and turned off or she was just on the wrong input. Anyways, I wait a bit then head to her classroom. She explains that she was using her laptop and all of a sudden it went black. So I look at it and realize that it is off but there was a VGA cable plugged into which leads to our system then from there to the projector.

I turned the laptop on and realize that it had a low battery and had went into power save mode. I point this out and ask her if she has her charger. At this point she says that it is already plugged up and points to the VGA cable. I explain that the VGA cable on transmit video and doesn't power her laptop.

She then gets irate and exclaims that she was under the impression that it not only displayed video but charged it and if she has to plug in more cables to this thing then it isn't even worth carrying around...

My jaw dropped. 

I calmed her down and asked if she had her power cable. She said that she had never seen any other cables...

Jaw dropped again.

After some discussion, I figured out that she has a docking station in her office and that's how her laptop usually charges. But then I get the best information possible. I explain what her charger would look like and she goes ""oh you mean this cable"" and pulls it out of her backpack.

TL;DR. Prof thought VGA cables charged her laptop then got irate with me when I explained that it didnt. She claimed that she had never seen the charger and turns out that it was in her backpack the entire time."
c5twzux,comment,0,0,0,0,0,train,"**Sahin**: I disagree on the point that he's a ""developing player"". This lad was the best player in the Bundesliga two seasons ago, better than Kagawa - you won't see Man United fans saying that Kagawa is 'developing'. He's not he finished product, of course, but Sahin is much further along his development than Henderson, despite them being of similar ages - and his age is a bonus, not a factor against him.

Either way, with us playing Thursday-Sunday fixtures and Gerrard especially unlikely to play every week, I'm fairly sure there will be plenty of opportunities for Henderson. Also, our CM squad is now at its healthiest level in a very long time - we have 5 first-team capable CM's, Gerrard, Allen, Lucas, Henderson and Sahin, many of whom can play more than one brief (creator/passer/destroyer). We'll have actual options off the bench rather than relying on squad players who get found out (Spearing; harsh but true).

As for Shelvey, Rodgers offered him to Swansea on loan in our first bid for Joe Allen, and I think a season of regular first-team football at a Premier League side would be the best thing for him right now. 

As for us developing Sahin for Real? I don't think Sahin has a future there, else they wouldn't be splashing money on Modric. Xabi's getting old, but from the looks of it Modric will be his replacement and Mourinho has, for whatever reason, decided Sahin won't be Xabi's successor. They also have Esteban Granero, who is unlikely to leave the club because he's a club-grown player, something Real are short of. I expect our deal for Sahin to have an option to buy.

**Tello:** Yes, he's not as proven as Sahin, but he's played and scored goals in the CL, and he offers more of a goal threat than most of our other wide players. We may be developing him for Barca, but the fact is, he significantly improves out squad.

Sterling certainly isn't ready to be a regular first-team squad member, but he's a cut above reserves for sure - a loan deal would be the best thing for him. As for Pacheco, I didn't understand the hype about him in pre-season; he did some pretty stuff, but his final ball was abysmal, and toothlessness in the final third is something we had too much of last season. There's rumours he's being sold, and I'm OK with that.

Overall, our aim should be to get back into the CL as quickly as possible, not develop players to help challenge for a CL spot in one-two seasons' time. For whatever reason, the club has less money to spend than expected (remember the Suarez contract, and potentially those for Skrtel/Agger, come out of the transfer kitty as well), and I'm much happier to see us make quality loan signings than cut-price not-good-enough permanent signings.

**TL;DR: They're a significant improvement on our current squad options, and the players you mentioned are either going to get plenty of game time anyway, better served going on loan, or not good enough for the team**"
t3_4bztav,post,1,1,1,1,1,train,"This will be a long post, so bear with me.

Bit of background: My brother has a few... issues. When our family dog passed away (7 years ago), he rushed out immediately to get a new puppy (we'll call her H- a female Lhasa apso X poodle) from a pet shop which he claimed was for my mother (who isn't that big on looking after dogs). Initially everything was OK, she didn't get the greatest care but she wasn't being completely neglected either (I was away at college at the time). They fed her a pretty poor diet and didn't walk her much, but her nature shone through and she was pretty resilient to the whole thing.

2 years ago: I graduated from uni and moved in with a couple of friends. I was still upset about how H was being treated but felt pretty helpless as she was technically my brother's dog and I've always been a little afraid of crossing him. This all changed one day when my cousin sent me a photo of H's back. She had a SEVERE bacterial infection that spread all along her back and looked quite painful. I absolutely lost it with my family and after a few pretty heated arguments, H moved in with me.

Now: H has flourished under my care, I always try to stay on top of her skin health to minimise the risks of hot spots and I try my best to meet all her behavioural/emotional needs. Everyone in family has also admitted that she's doing much better with me than anyone else. However, due to a mixture of poor early socialisation experiences and a few frightening encounters with larger dogs, she's become quite reactive to other dogs. She gets on fine with my bf's parent's small cavoodle but I think that's because the cavoodle is incredibly timid. H has improved immensely with training but I don't think she'll ever want to socialise/play with another (especially larger) dog. 

I've always wanted to own a bigger dog that I can jog/hike/play frisbee with. However, I feel like now that I have H, I won't be able to have the kind of dog I really want because of her reactivity. Most dog adoption programs around me require an initial 'meet and greet' between your dog and the dog up for adoption. I can't imagine H would come off well in one of those. 

TL/DR: -OP's family wasn't looking after their dog properly
-OP takes dog on willingly
-Dog has some dog reactivity
-OP thinks dog reactivity might ruin the chances of adopting another dog

Thoughts?"
c3q5abb,comment,0,0,0,0,0,train,"With Downing and Kuyt on the field, we lack that cutting edge. Downing is basically invisible most of the game, and Kuyt really lacks the pace and skill to work on the right side. Our attack is so easily defended against that its laughable. We need a skillful RW/LW that can actually beat their player and whip a GOOD ball in or take a 1/2 decent shot. 

Carroll was back to his usual self, he really seems to hate coming on as a sub. You could hear Kenny on the side constantly yelling at him to apply some pressure. 

Both goals were through individual mistakes and were avoidable, but we didn't deserve anything from the match. We were atrocious for 90% of the game. I really think we will regret not bringing in a striker or rw in january, I have no idea where our goals will come from unless Bellamy magically wakes up with working knees. Oh and Evra is a cunt.

**tldr: we were shit, evra is a cunt**"
t3_2u1pgw,post,1,1,1,1,1,train,"So as you all might know, a The Lost run without Holy Mantle is pretty much futile. It doesn't matter how careful you are, eventually you WILL get hit by something, or take unavoidable damage. Personally I don't like going on 100s of losing streaks, so I just restart until I get a Holy Mantle as my very first item.
While restarting to get Holy Mantle I noticed that the number of Treasure rooms adjacent to the starting room is lower on Hard mode than Normal mode, so I decided to try and count... 2000 restarts later (4 Holy Mantles btw), which is a decent number for statistical purposes, I found out that you have a Treasure room adjacent to the starting one on 13,15% of the occasions. As the Treasure room pool consists of [220 items]( with 60 of them being unlockables, your chance of finding a particular one as your first item (in our case the Mantle) with each restart ranges from 0.082% (160) to 0.061% (220), depending on the number of items you have unlocked.

P.S. I assumed that, like me, you weren't willing to go through several rooms just to check the Treasure room of each restart.
P.S.2. [Special items]( have the same chance of appearing as every other item in their pool, as long as they are the first item that you see. Isaac's starting D6 doesn't count for this purpose (see link).

TLDR: We are all screwed !!!"
t3_mzh8p,post,1,1,1,1,1,train,"This is his first Mac ever.

A little irrelevant background- he's been in the PC industry since about 1980.  When I came home with my first Mac a decade ago, he almost disowned me and made me cover up the logo with a sticky note.  It was all in good fun... sorta.  He retired this year, and as a retirement present bought himself a Mac after seeing all the fun I have on mine!

Because he still helps out at the office sometimes, he requires some sort of antivirus software.  This is something I have no (recent) experience with.  

He installed Norton 360, which I *really* don't like.  It feels like a PC program slapped into a Mac environment, and acts like the guy who built his giant McMansion in the cozy, friendly neighborhood-- where once there was unity, peace and quiet, now their is tension and, well, ugly.

Since I'm his tech support, and reddit is usually pretty friendly, I thought I would ask you fine ladies and gentleman for suggestions!

**tl;dr: My dad put Norton 360 on his new MBP, was hoping to find a better solution.**

- Edit, missed a word."
c78l6ne,comment,1,1,1,1,1,train,"yeah, I was trying to guess at a 'worst case'...

Personally, I don't change my own oil, as it would take me WAY to long, and I have a really great mechanic in town that is VW certified, and has a fantastic reputation in town. There's the real money saver...

Took our jetta in when the water pump died, and he would simply NOT replace it w/o replacing the timing belt as well (same labor for both jobs, the belt was due within 10k miles). Total cost: two parts at $75 each, and a pile of labor, like $400. If he hadn't told me, I'd be back in within 3-6 months to get the 80k service, with a belt change, and another $400 in labor.

tl;dr - good, honest mechanic saves you time, trouble and potentially money. Mine did $400 in labor once when he could have done it twice w/o me knowing to complain"
cmv70qw,comment,0,0,0,0,0,train,"The thing about scouts is how much they completely ruin every other class in a 1v1, particularly in an open area. The reason for this is because a scout can dodge rockets and bait stickies, but you simply can't dodge hitscan if someone clicks on you. 

So, when a soldier engages a scout, the scout can keep pumping him full of 40 damage shots at a range that makes it comfortable for the scout to dodge all damage. Or, the scout can go in and risk taking damage in exchange for doing 100 damage hitscan, which is fucking crazy.

This is why, when the scout's good, you will see a roamer or pocket give up a fight to a scout sometimes and just leave.

Beyond that, they can chase frags and still get out and completely stop soldiers in midair. If they really want to ruin a soldier, they can even *take flight* with their double jumps and meet the soldier in midair for a meatshot.

TL;DR: a good scout == game over"
ccrtjol,comment,1,1,1,1,1,train,"Story time; I was preparing to deliver a car and I heard this dumbass announce his plan to kill me all the while assuming I couldn't hear him. Checked my map to find out he's right at the entrance to the garage so as I pulled up to storage containers some safe distance away I ordered merryweather mercs on this guy and about 30 seconds later I hear his rage as he's getting swarmed by mercs with some wanted stars to boot. 

I meagerly manage to get the car in the garage but not before he damages it and get paid ~$3k after damages. 

TL;DR: I'm a dumbass who *paid* to deliver a car to Simeon. MFW"
t3_wzdlj,post,0,0,0,0,0,train,"My boyfriend and I are getting married in December after dating each other for 9 years! :) We haven't travelled around the world much (just India and US) and need help with planning our honeymoon. A little bit about ourselves - we're both 26 years old and enjoy good food (Indian, Ethiopian, Thai, Indonesian, Mediterranean), love beaches, easy hikes, drinking, biking, water sports and walking. 
We both imagine a honeymoon where we can live in a nice small cottage by the beach for 3-4 days, bike around the city, maybe live in a treehouse/cottage in the jungle for a day or two and have fun! We have a budget of $10K that should include flight tickets and the honeymoon expenses.

Do you have any suggestions/personal experiences that you could share with us that could help us plan our vacation? We were pondering the idea of Bali/Langkawi. Any thoughts on this?

***Updates -***
We spent most of yesterday looking up places in Langkawi &amp; Bali, the flight routes and the costs around those. Looks like Langkawi will be difficult given that the easiest way to commute to it is from Kuala Lampur. There are no direct flights connecting SF and Kuala Lampur. 

*These are our options -*

* India &gt; Hong Kong &gt; Singapore &gt; Langkawi &gt; Singapore &gt; Hong Kong &gt; SF *(too long - ~30hours!)*

* India &gt; Kuala Lampur &gt; Langkawi &gt; Kuala Lampur &gt; LA &gt; SF *(too long - ~30hours!)*

* India &gt; Singapore &gt; Langkawi &gt; Singapore &gt; SF *(too expensive - ~$2k/person, which makes flight costs $6k for both of us {including SF&gt;India ticket} )*

Bali is somewhat more convenient and economical. Mostly decided on Bali. We were planning to spend 29th-1st at a Beach cottage in Seminyak. Mainly because it is a short drive from Kuta, where we can celebrate new years. We can then spend 4 days in Ubud and do the regular honeymoon Jazz (private pool, fancy dinner, hikes, spa etc etc..) 


**TLDR**

* Mostly finalized Bali.

* Need suggestions on what to do on New Years Eve. Thinking of spending it in Seminyak/Kuta.

* Suggestions on good (awesome) beach cottages.

* Suggestions on what to do at Ubud.

* Where else in Bali can we go to?"
t3_18gl5b,post,0,0,0,0,0,train,"[Video version explaining this](

I'm going to hold a wallpaper contest for fun. There will be no prizes, but there will be a journal entry made with the top 3 winners on my deviant art page. This contest is going to run until the 23rd of februrary (this month), which is on a saturday. I will no longer accept entries past that date. After that, voting will be held, and the top 3 winners will be picked.

Here are the preselected vectors for you to use:

Twilight 

Applejack 

Rainbow dash 

Rarity 

Fluttershy 

Pinkie pie 

Rules:

1920 x 1080, or 1920 x 1200

must be in .png format

only 1 entry per person

The wallpaper must not have been made before this video, or after the cut off date.

Tutorials:






Submit you entries to overmarerarity@gmail.com. In the email, please provide a link to your contest wallpaper, along with the link to your deviantart, youtube, etc. If you have any questions, use my email as well.

A video will also be made when the contest is done, displaying every wallpaper that was made.

Thats all guys. Good luck, and I look forward to seeing what you can do.

My deviant art page: 

TL:DR: Wallpaper contest, video at top explaining it."
t3_d5mxi,post,1,1,1,1,1,train,"I'm 25 years old and I have been interested in food/cooking since I was 10.  I can make all sorts of things and I'm quite good with culinary terminology.  I'm the only person I know who is like this.  Yes, I have some older family members who like to cook, but most of my siblings, and all of my friends, do not care at all.  I actually earned the nickname ""Grandma"" because I know how to make something more complex than a sandwich.

For example... I have many sisters.  One of them brought up a conversation she had with a friend while watching Goodfellas.  There is a scene in which the three main characters visit Tommy's mom and she makes home style Italian food for them.  This prompted my sister's friend to say it's sad how they'll never be able to do things like this for their own children, and my sister agreed.

I told my sister I could teach them both how to make some wonderful food, but she said they're simply not interested.

Is this anti-cooking mentality an actual phenomenon, or am I just unlucky with meeting other foodies?

TL,DR:  No one I know would be interested in learning how to cook.  They simply want to eat junk food."
t3_1iz5c6,post,0,0,0,0,0,train,"I'm considering joining the FSAE team at my university this fall. I really want to join the team, as I think it will be a fun/rewarding way to get some hands on experience. 

Part of the reason I'm debating this is that I am also currently deciding between finishing up in 3 more semesters (with a summer) or 4 semesters. As I don't feel quite ready to graduate, I'd rather go with the extra semester, but my scholarships run out after another 3 semesters, meaning the final semester would be 100% loans. Four semesters would allow me to spread out the courseload, and also help me bring up my floundering GPA.

If I joined the team, I would almost definitely take the second option and go the extra semester. Another reason for joining the team is for the potential for job connections out of college. 

My question is, does anyone have any experience with FSAE while in school, or know anyone who has? 

I've heard some employers really like involvement with FSAE, and will take FSAE applicants over someone without experience. Is this true and could it help open up my job prospects?

I didn't mean to write a book.... oops. 

**TL;DR:** Is experience gained from FSAE worth an extra semester I'd add to school?"
t3_19ukor,post,1,1,1,1,1,train,"Major tinfoil here.

The predominant theory is that R+L=J, but what if R+L=YG?

First, part of this depends on Septa Lemore being Ashara Dayne, who supposedly jumped into the sea from Starfall and her body was never found. 

So here's the timeline:

Ned finds Lyanna dying in childbirth at the Tower of Joy. Robert has killed/chased off Rhaegar and all of his heirs, except for this one. Ned is torn between telling his best friend about this *new* Targaryen child, and his loyalty and promise to his recently-dead sister. So, he decides to send the child into exile.

Ned's next stop is Starfall, where [his lover Ashara Dayne lives]( Ashara had recently given birth to their child (Jon Snow). Barristan Selmy mentions that Ashara gave birth to a stillborn child, having been impregnated at the Tournament of Harrenhall (where we know she had associated with the Starks). Little did he know, the child was not stillborn.

The Daynes were loyal to Rhaegar (And Arthur Dayne was guarding the Tower of Joy). Ned convinces Ashara that she needs to flee with Rhaegar's last remaining child (to their knowledge), so she fakes her own death (body never recovered), and takes on the guise of Septa Lemore, while leaving their own child to be raised by Ned. This also explains why Jon needed a wetnurse (Wylla) instead of being nursed by his own mother. 

In Essos, she meets up with Jon Conn, another Targ. loyalist, and together they raise Young Griff, pretending that he is Aegon so that he would still have a legitimate claim to the throne (instead of being a bastard). This could also explain some of the Blackfyre Theory inconsistencies, like the ""mummer's dragon"" and whatnot. 

TL;DR: ""Aegon""/Young Griff is the son of Rhaegar and Lyanna, raised by Ashara Dayne (who is the true mother of Jon Snow). "
c8ojymm,comment,0,0,0,0,0,train,"&gt;He decides what his alternatives are, not you.

Again, he asked ""would you rather?""  If he didn't ask me to choose between two choices, I would've have responded that the choices were bogus.  This is pretty straightforward, and I don't know why you think this is in any way controversial.  Obviously he is entitled to an opinion and I am simply taking the position that if you like the service that Pandora provides in streaming music tailored to your tastes, then you should reconsider any course of action that might possibly negatively impact Pandora's business model.  

&gt;Nobody has any way of knowing that a streamed song was locally downloaded by a client app.

You can say that ""nobody has any way of knowing"" that songs were downloaded, but I'm guessing the RIAA spends lots of money and hires lots of people to extrapolate this data and it's pretty obvious that it's easily facilitated when you google Pandora and Pirating.   

&gt;Is it the same way home taping sabotaged radio?

 In a way, it's similar to how home taping sabotaged radio in that it's pirating.  On the other hand, the RIAA has dozens of alternatives to Pandora (including radio) and I would think is in a stronger position to not support pirating-prone platforms (or PPPs) in lieu of more secure alternatives.  [This article in Digital Trends]( explains why the RIAA supports streaming sites like Pandora, which is partly because access to them is correlated with lower use of pirating sites.  Also, the article argues that Pandora is not a sustainable enterprise because they pay out half of their revenue in royalties.  

TL/DR:  You can say no one will ever know, and that it won't affect Pandora, but I'm not convinced.  Pandora has a marginal profit model and I wouldn't take it for granted that it can be used as a sustainable platform for pirating without consequences."
cdroh1m,comment,0,0,0,0,0,train,"There are many compromises that can have a huge effect on price without a significant drop in quality:

* You agree on year long, continuous contract of massive supplying a same product. This allows a massive increase in planning and efficiency, which allows a high quality/price ratio.

* When an article appears, it's in every store, that's how they manage to sell as many as possible while keeping the quantity as high as possible.

* No risky marketed products.

* Most stores will throw away articles which were not sold, and compensate the loss by increasing the margin. ALDI will make sure they sell mostly everything, even if it means sometimes there will be empty shelves. That's how the margin is even lower.

TLDR: low risk, high quantity, no waste, concentrate on products that always work.

I've been making my main shopping at ALDI for nearly 6 years now, and I changed cities 2 times. You don't get everything at aldi, but the savings are huge, and the quality is really more than fair."
cc9lkri,comment,0,0,0,0,0,train,"Okay I tapped out shortly after ""Pay to Play,"" I would not be surprised to find out that this is funded propaganda.
____________________________________________
What the author is trying to convey:

 * It's a movement whose time has come and gone
 * It's making a resurgence but, again, the time has already gone
 * Proponents are wackos
 * Okay some of the people are not wackos (hedging bets in case you actually meet one and find out that they are not wackos)
 * Centered around Ayn Rand, it's a cult LOL
 * Doesn't work, wrong, makes no sense (no discussion of any substance on this, *I am Jack's complete lack of surprise*)
 * Reinforce: This is a dangerous societal aberration, which will never truly gain any traction. Finding the crazy ones is a which hunt because some seem normal, 
 

**tl;dr Pure manipulation, very possibly orchestrated.**"
cmj573y,comment,0,0,0,0,0,train,"Having every little tiny detail spelled out to us like the prequels did. I hate being spoon-fed a storyline through flashbacks and having every aspect of a character explained through dialogue. We didn't have a part in A New Hope where Leia has to take Luke to one side and tell him about the greatness of Obi-Wan Kenobi and all of his achievements in one rushed, boring, unnatural conversation. You're given enough to understand he's an important character and developed on. 

Han told Leia all she needed to know about Lando. We didn't have a flashback, we were just allowed to see Lando develop naturally. Equally with Yoda, Obi-Wan tells Luke all he needs to know. Count Dooku was the worst example of telling us WAY TOO MUCH at once. Everyone knew he was going to be a real shithead because he's mentioned in Episode II's second scene for God's sake. 

Grevious is an example of not enough being given though. All the audience knows is he's a general of the droid army and then take it from there. 


TL;DR: I'm worried everything will get spelled out for everyone."
coe9smj,comment,0,1,1,0,1,train,"first, there'll be a joint statement of the unions, that the highways will be in flames, we'll all starve to death and the economy practically disappears if no humans drive the trucks anymore. also, all truckers will have to go on unemployment and eventually end up in jail, because, d'uh.

then the other side will tell us that as good as each and every problem that mankind has will be solved if we let computers drive, and jobs-shmobs, there'll be other jobs, more jobs, different jobs, stop the whining already.

then senate will block the according bill(s) for years, while a myriad of bumper stickers will be printed, and fox5 will report on the ""war on trucks"" daily, and that the terrorists have long won.

the AAA will issue a concern that rogue computer driven trucks will take over the roads, and they didn't pay road tax, now, did they.

all the while, in reality, there'll be a slow but steady change, as it happened in every industry that came up with a form of automation to replace people, and new, hopefully related jobs will emerge, and some truckers won't find a new one and some will, and some won't be willing to and some will, and no, video didn't kill the radio star and book printing didn't end the world as we know it either.

oh, and yes, times are a-changing. app developing, a 15 billion dollar industry today, was non existent in 2006, and nobody even thought it would be. journalist jobs, the much pounded war horse of the change in information technologies, will decline by 13% over the next 10 years. and if you think about it, people laid off left and right at newspapers across the nation, that's not that much actually. because... blogs. online news. twitter. tv. communication departments needing good copy editors. and more jobs we, see above, don't even know about yet.

i know, a trucker won't start writing android app code. or not very likely. but ""all jobs gone, what are we gonna do?"" is not called for either. since the steam engine we hear the same argument, that automation will kill us all, and it never came true.

ps. there's a lot wrong with the statistics i'm guessing this post is based upon. teachers for example are divided into many groups in the census. preschool, high school, university and private school teachers are all different job groups, if you combine those (and others) you have truckers on a much lower rank. just saying.


TL;DR: don't panic."
t3_1mlml2,post,1,1,1,1,1,train,"I can't describe breaking bad to someone who hasn't watched it. It is so amazing and brilliant in every way and I imagine most people on this subreddit feel the same. As the seasons went on it just got better and better. Now it's over I have formulated a plan to lessen the pain of no more brba. I have decided that once a year I will find a weekend or a spare two days, in which I will watch every breaking bad episode, one after the other (a marathon if you will).  Hopefully everytime i will notice new little things slipped into the episodes and links between episodes that will make me love it even more. 

TL;DR BrBa over. I'm Sad. BrBa marathon once a year to help self through pain. Maybe notice new details. Love it even more."
t3_38ciih,post,1,1,1,1,1,train,"*** If you want, skip to the bottom part where I summarize what I need. ***

I recently bought an Acer Chromebook 13 and I really like it. Unfortunately, I just realized that I won't be able to use it for the type of software development I do (.NET, Unity3D, etc.), so now I'm planning on sending it back and getting another laptop. Stupid, I know. I should have thought about this before buying the Chromebook. 

**LAPTOP QUESTIONNAIRE**

* Country of purchase:
Denmark (no need to limit your suggestions though)

* Budget range:
Preferably under $600.

* Purpose (netbook, ultraportable, mainstream, gaming, desktop replacement, etc.):
Mainly school and programming. 

* Screen size preference:
About 13""

* OS preference (Windows/Mac/Linux):
Windows

* Gaming requirements (example games and desired fps/settings):
I won't be using it for gaming. A bit of game development though, but nothing big.

* Other performance requirements (video editing, CAD, etc.):
I mainly do programming, so no need for anything too powerful. Shouldn't be too bad either, though.

* Brand preferences and reasons (already owned accessories, familiarity, business compatibility): No

* Any particular style that you like (examples are great):
I need a thin, lightweight laptop, so nothing too clunky. 

**Which of the following qualities would you prefer? (Choose one, two, or balanced)**

* Long battery life -vs- Low weight -vs- High performance:
Long battery life and low weight

* Build quality -vs- Low price -vs- High performance:
Low price

* Low noise/heat -vs- High performance:
Low noise/heat

**Which features would you pay a premium for?**

* High resolution screen:
I would preferably want a 1080p screen. Maybe something a bit smaller if you guys think it's best. 

* A great keyboard:
Yes please, I will mainly be using it for typing. But I don't expect most laptops to have terrible keyboard, though, so maybe this isn't a problem?

* A great touchpad/mouse buttons:
As long as it's not horrible, it's alright for me.

* Great audio:
No need.


**TL;DR**

* Should be thin and lightweight
* Make little to no noise
* Have a good battery life (I'm thinking 8+ hours?)
* Shouldn't suck too much hardware wise, 4 gb ram would be good.
* SSD would also be nice. It doesn't have to be too big.
* About 13 inches screen, not too horrible resolution.
* My budget is currently $600, but maybe that's unrealistic?
*Also it doesn't need touch or any stupid features like that.

Thank you, I really hope you can help me. Feel free to recommend laptops that doesn't match my exact preference, as long as they're inside my budget."
cran4v9,comment,0,1,1,1,0,train,"He would straight up, outlast Luffy, like he did here. Luffy had so many advantages given to him, (With all the damage Law did, along with the double team attacks i.e. the Red-Hawks) and still lost using the Gear 4th. There is no way in any realm of possibility that Luffy wins in a 1v1 against Doffy. Endurance is a huge component of a fight, and it doesn't matter if he can't hit Luffy in Gear 4th because Luffy just becomes completely incapacitated and can't do anything, on top of not being able to use Haki for the next 10 mins. 

&amp;nbsp;

Tl;dr, It doesn't matter if Doffy can't touch Luffy in Gear 4th, he easily outlasts him, and in a 1v1, when the time runs out, Doffy just wins. "
ca71y4m,comment,1,1,1,1,1,train,"Chydonax - Thank you so much for this response. Prior to getting the Sunburn my WBC was 12.4 and we were monitoring me closely because I just had two major Surgeries and had been in hospital for a total of 41 days. I had my second ERCP to clean up scar tissue from a sphincterectomy and to dilate my pancreatic duct. Then about 10-15 days later I was still having abdominal pain and had to remove my gallbladder. - Essentially I have biliary disease but, formally I have a mild form of Gastroparesis and Sphicter of Oddi Dsyfunction with chronic pancreatitis.

So, upon exiting the hospital I had blood drawn that turned up a 12.4 WBC. My doctor was/is really worried about this, but since we couldn't locate the infection and I had no outright symptoms that specified an area and I'm allergic to 4 major antibiotics including penacillin...we were playing a wait and see game with a recheck of the blood scheduled for tomorrow. Also my liapase was 118 which was down from 160 - so I still have a lingering case of pancreatitis...I've had a standing appoint for Tuesday to recheck blood and see my doctor... so regardless I'll be seeing him if not just for the sunburn, other reasons too.

Right now with domperidone (not available in the USA but I have a stash of it) I've been able to stop any kind of vomiting, despite being horribly nauseated. Which means I can take in fluids but, I don't know how well they're being absorbed (like you said) as it seems I keep using the restroom once to twice an hour to hour and a half. At least I know my body is processing it but it seems like its going right through me.

Anyway, I ended up calling my doctor and emailed him the same pictures I've shared here. He wants me to see a dermatologist tomorrow if they can get me in because, we are super worried about infection especially since we know my skin, nose, and mouth all culture positive for MRSA (I picked it up being in &amp; out of hospital so much).

I hate being such a complicated case but that is the way it is.... Thank you so much for the support - it really helps.

**TL;DR: I have a variety of illness issues as well as MRSA. I called my doctor and I'm seeing him and a dermatologist tomorrow because we are very worried about getting a real bad infection from this sunburn** "
